-- MySQL dump 10.13  Distrib 5.5.47, for Win32 (x86)
--
-- Host: localhost    Database: meng
-- ------------------------------------------------------
-- Server version	5.5.47

/*!40101 SET @OLD_CHARACTER_SET_CLIENT=@@CHARACTER_SET_CLIENT */;
/*!40101 SET @OLD_CHARACTER_SET_RESULTS=@@CHARACTER_SET_RESULTS */;
/*!40101 SET @OLD_COLLATION_CONNECTION=@@COLLATION_CONNECTION */;
/*!40101 SET NAMES utf8 */;
/*!40103 SET @OLD_TIME_ZONE=@@TIME_ZONE */;
/*!40103 SET TIME_ZONE='+00:00' */;
/*!40014 SET @OLD_UNIQUE_CHECKS=@@UNIQUE_CHECKS, UNIQUE_CHECKS=0 */;
/*!40014 SET @OLD_FOREIGN_KEY_CHECKS=@@FOREIGN_KEY_CHECKS, FOREIGN_KEY_CHECKS=0 */;
/*!40101 SET @OLD_SQL_MODE=@@SQL_MODE, SQL_MODE='NO_AUTO_VALUE_ON_ZERO' */;
/*!40111 SET @OLD_SQL_NOTES=@@SQL_NOTES, SQL_NOTES=0 */;

--
-- Table structure for table `o_action`
--

DROP TABLE IF EXISTS `o_action`;
/*!40101 SET @saved_cs_client     = @@character_set_client */;
/*!40101 SET character_set_client = utf8 */;
CREATE TABLE `o_action` (
  `id` int(11) unsigned NOT NULL AUTO_INCREMENT COMMENT '主键',
  `name` char(30) NOT NULL DEFAULT '' COMMENT '行为唯一标识',
  `title` char(80) NOT NULL DEFAULT '' COMMENT '行为说明',
  `remark` char(140) NOT NULL DEFAULT '' COMMENT '行为描述',
  `rule` text NOT NULL COMMENT '行为规则',
  `log` text NOT NULL COMMENT '日志规则',
  `type` tinyint(2) unsigned NOT NULL DEFAULT '1' COMMENT '类型',
  `status` tinyint(2) NOT NULL DEFAULT '0' COMMENT '状态',
  `update_time` int(11) unsigned NOT NULL DEFAULT '0' COMMENT '修改时间',
  PRIMARY KEY (`id`)
) ENGINE=MyISAM AUTO_INCREMENT=12 DEFAULT CHARSET=utf8 ROW_FORMAT=DYNAMIC COMMENT='系统行为表';
/*!40101 SET character_set_client = @saved_cs_client */;

--
-- Dumping data for table `o_action`
--

LOCK TABLES `o_action` WRITE;
/*!40000 ALTER TABLE `o_action` DISABLE KEYS */;
INSERT INTO `o_action` VALUES (1,'user_login','用户登录','积分+10，每天一次','table:member|field:score|condition:uid={$self} AND status>-1|rule:score+10|cycle:24|max:1;','[user|get_nickname]在[time|time_format]登录了后台',1,1,1387181220),(2,'add_article','发布文章','积分+5，每天上限5次','table:member|field:score|condition:uid={$self}|rule:score+5|cycle:24|max:5','',2,0,1380173180),(3,'review','评论','评论积分+1，无限制','table:member|field:score|condition:uid={$self}|rule:score+1','',2,1,1383285646),(4,'add_document','发表文档','积分+10，每天上限5次','table:member|field:score|condition:uid={$self}|rule:score+10|cycle:24|max:5','[user|get_nickname]在[time|time_format]发表了一篇文章。\r\n表[model]，记录编号[record]。',2,0,1386139726),(5,'add_document_topic','发表讨论','积分+5，每天上限10次','table:member|field:score|condition:uid={$self}|rule:score+5|cycle:24|max:10','',2,0,1383285551),(6,'update_config','更新配置','新增或修改或删除配置','','',1,1,1383294988),(7,'update_model','更新模型','新增或修改模型','','',1,1,1383295057),(8,'update_attribute','更新属性','新增或更新或删除属性','','',1,1,1383295963),(9,'update_channel','更新导航','新增或修改或删除导航','','',1,1,1383296301),(10,'update_menu','更新菜单','新增或修改或删除菜单','','',1,1,1383296392),(11,'update_category','更新分类','新增或修改或删除分类','','',1,1,1383296765);
/*!40000 ALTER TABLE `o_action` ENABLE KEYS */;
UNLOCK TABLES;

--
-- Table structure for table `o_action_log`
--

DROP TABLE IF EXISTS `o_action_log`;
/*!40101 SET @saved_cs_client     = @@character_set_client */;
/*!40101 SET character_set_client = utf8 */;
CREATE TABLE `o_action_log` (
  `id` int(10) unsigned NOT NULL AUTO_INCREMENT COMMENT '主键',
  `action_id` int(10) unsigned NOT NULL DEFAULT '0' COMMENT '行为id',
  `user_id` int(10) unsigned NOT NULL DEFAULT '0' COMMENT '执行用户id',
  `action_ip` bigint(20) NOT NULL COMMENT '执行行为者ip',
  `model` varchar(50) NOT NULL DEFAULT '' COMMENT '触发行为的表',
  `record_id` int(10) unsigned NOT NULL DEFAULT '0' COMMENT '触发行为的数据id',
  `remark` varchar(255) NOT NULL DEFAULT '' COMMENT '日志备注',
  `status` tinyint(2) NOT NULL DEFAULT '1' COMMENT '状态',
  `create_time` int(10) unsigned NOT NULL DEFAULT '0' COMMENT '执行行为的时间',
  PRIMARY KEY (`id`),
  KEY `action_ip_ix` (`action_ip`),
  KEY `action_id_ix` (`action_id`),
  KEY `user_id_ix` (`user_id`)
) ENGINE=MyISAM AUTO_INCREMENT=398 DEFAULT CHARSET=utf8 ROW_FORMAT=FIXED COMMENT='行为日志表';
/*!40101 SET character_set_client = @saved_cs_client */;

--
-- Dumping data for table `o_action_log`
--

LOCK TABLES `o_action_log` WRITE;
/*!40000 ALTER TABLE `o_action_log` DISABLE KEYS */;
INSERT INTO `o_action_log` VALUES (1,1,1,2130706433,'member',1,'admin在2017-07-24 16:48登录了后台',1,1500886113),(2,7,1,2130706433,'model',4,'操作url：/index.php?s=/admin/model/update.html',1,1500886209),(3,8,1,2130706433,'attribute',33,'操作url：/index.php?s=/admin/attribute/update.html',1,1500886291),(4,11,1,2130706433,'category',2,'操作url：/index.php?s=/admin/category/remove/id/2.html',1,1500886371),(5,11,1,2130706433,'category',1,'操作url：/index.php?s=/admin/category/remove/id/1.html',1,1500886375),(6,11,1,2130706433,'category',39,'操作url：/index.php?s=/admin/category/add.html',1,1500886407),(7,11,1,2130706433,'category',40,'操作url：/index.php?s=/admin/category/add.html',1,1500886429),(8,1,1,2130706433,'member',1,'admin在2017-07-24 16:58登录了后台',1,1500886709),(9,9,1,2130706433,'channel',0,'操作url：/index.php?s=/Admin/Channel/del/id/1.html',1,1500888114),(10,9,1,2130706433,'channel',2,'操作url：/index.php?s=/Admin/Channel/edit.html',1,1500888179),(11,9,1,2130706433,'channel',3,'操作url：/index.php?s=/Admin/Channel/edit.html',1,1500888192),(12,11,1,2130706433,'category',41,'操作url：/index.php?s=/Admin/Category/add.html',1,1500888363),(13,11,1,2130706433,'category',42,'操作url：/index.php?s=/Admin/Category/add.html',1,1500888395),(14,11,1,2130706433,'category',43,'操作url：/index.php?s=/Admin/Category/add.html',1,1500888412),(15,11,1,2130706433,'category',44,'操作url：/index.php?s=/Admin/Category/add.html',1,1500888426),(16,11,1,2130706433,'category',45,'操作url：/index.php?s=/Admin/Category/add.html',1,1500888445),(17,11,1,2130706433,'category',46,'操作url：/index.php?s=/Admin/Category/add.html',1,1500888462),(18,11,1,2130706433,'category',47,'操作url：/index.php?s=/Admin/Category/add.html',1,1500888507),(19,11,1,2130706433,'category',48,'操作url：/index.php?s=/Admin/Category/add.html',1,1500888522),(20,11,1,2130706433,'category',49,'操作url：/index.php?s=/Admin/Category/add.html',1,1500888539),(21,11,1,2130706433,'category',50,'操作url：/index.php?s=/Admin/Category/add.html',1,1500888560),(22,11,1,2130706433,'category',51,'操作url：/index.php?s=/Admin/Category/add.html',1,1500888574),(23,11,1,2130706433,'category',52,'操作url：/index.php?s=/Admin/Category/add.html',1,1500888586),(24,11,1,2130706433,'category',53,'操作url：/index.php?s=/Admin/Category/add.html',1,1500888601),(25,11,1,2130706433,'category',54,'操作url：/index.php?s=/Admin/Category/add.html',1,1500888615),(26,11,1,2130706433,'category',49,'操作url：/index.php?s=/Admin/Category/edit.html',1,1500888724),(27,11,1,2130706433,'category',50,'操作url：/index.php?s=/Admin/Category/edit.html',1,1500888730),(28,11,1,2130706433,'category',51,'操作url：/index.php?s=/Admin/Category/edit.html',1,1500888741),(29,11,1,2130706433,'category',52,'操作url：/index.php?s=/Admin/Category/edit.html',1,1500888748),(30,11,1,2130706433,'category',53,'操作url：/index.php?s=/Admin/Category/edit.html',1,1500888754),(31,11,1,2130706433,'category',54,'操作url：/index.php?s=/Admin/Category/edit.html',1,1500888759),(32,11,1,2130706433,'category',55,'操作url：/index.php?s=/Admin/Category/add.html',1,1500888814),(33,11,1,2130706433,'category',56,'操作url：/index.php?s=/Admin/Category/add.html',1,1500888835),(34,11,1,2130706433,'category',57,'操作url：/index.php?s=/Admin/Category/add.html',1,1500888884),(35,11,1,2130706433,'category',58,'操作url：/index.php?s=/Admin/Category/add.html',1,1500888901),(36,11,1,2130706433,'category',59,'操作url：/index.php?s=/Admin/Category/add.html',1,1500888922),(37,11,1,2130706433,'category',60,'操作url：/index.php?s=/Admin/Category/add.html',1,1500888935),(38,11,1,2130706433,'category',61,'操作url：/index.php?s=/Admin/Category/add.html',1,1500888951),(39,11,1,2130706433,'category',62,'操作url：/index.php?s=/Admin/Category/add.html',1,1500888967),(40,11,1,2130706433,'category',63,'操作url：/index.php?s=/Admin/Category/add.html',1,1500888980),(41,11,1,2130706433,'category',64,'操作url：/index.php?s=/Admin/Category/add.html',1,1500888994),(42,11,1,2130706433,'category',65,'操作url：/index.php?s=/Admin/Category/add.html',1,1500889007),(43,11,1,2130706433,'category',66,'操作url：/index.php?s=/Admin/Category/add.html',1,1500889023),(44,11,1,2130706433,'category',67,'操作url：/index.php?s=/Admin/Category/add.html',1,1500889060),(45,11,1,2130706433,'category',68,'操作url：/index.php?s=/Admin/Category/add.html',1,1500889073),(46,11,1,2130706433,'category',69,'操作url：/index.php?s=/Admin/Category/add.html',1,1500889091),(47,11,1,2130706433,'category',70,'操作url：/index.php?s=/Admin/Category/add.html',1,1500889113),(48,1,1,2130706433,'member',1,'admin在2017-07-25 08:59登录了后台',1,1500944344),(49,11,1,2130706433,'category',48,'操作url：/index.php?s=/Admin/Category/edit.html',1,1500945923),(50,11,1,2130706433,'category',56,'操作url：/index.php?s=/Admin/Category/edit.html',1,1500946116),(51,8,1,2130706433,'attribute',34,'操作url：/index.php?s=/Admin/Attribute/update.html',1,1500946422),(52,11,1,2130706433,'category',55,'操作url：/index.php?s=/Admin/Category/edit.html',1,1500946729),(53,11,1,2130706433,'category',57,'操作url：/index.php?s=/Admin/Category/edit.html',1,1500946758),(54,11,1,2130706433,'category',58,'操作url：/index.php?s=/Admin/Category/edit.html',1,1500946769),(55,11,1,2130706433,'category',59,'操作url：/index.php?s=/Admin/Category/edit.html',1,1500946781),(56,11,1,2130706433,'category',60,'操作url：/index.php?s=/Admin/Category/edit.html',1,1500946791),(57,11,1,2130706433,'category',61,'操作url：/index.php?s=/Admin/Category/edit.html',1,1500946800),(58,11,1,2130706433,'category',62,'操作url：/index.php?s=/Admin/Category/edit.html',1,1500946810),(59,11,1,2130706433,'category',63,'操作url：/index.php?s=/Admin/Category/edit.html',1,1500946844),(60,11,1,2130706433,'category',64,'操作url：/index.php?s=/Admin/Category/edit.html',1,1500946856),(61,11,1,2130706433,'category',56,'操作url：/index.php?s=/Admin/Category/edit.html',1,1500949772),(62,11,1,2130706433,'category',55,'操作url：/index.php?s=/Admin/Category/edit.html',1,1500949794),(63,11,1,2130706433,'category',57,'操作url：/index.php?s=/Admin/Category/edit.html',1,1500949830),(64,11,1,2130706433,'category',58,'操作url：/index.php?s=/Admin/Category/edit.html',1,1500949949),(65,11,1,2130706433,'category',59,'操作url：/index.php?s=/Admin/Category/edit.html',1,1500949961),(66,11,1,2130706433,'category',60,'操作url：/index.php?s=/Admin/Category/edit.html',1,1500949973),(67,11,1,2130706433,'category',56,'操作url：/index.php?s=/Admin/Category/edit.html',1,1500950126),(68,11,1,2130706433,'category',55,'操作url：/index.php?s=/Admin/Category/edit.html',1,1500950151),(69,8,1,2130706433,'attribute',34,'操作url：/index.php?s=/Admin/Attribute/update.html',1,1500950338),(70,8,1,2130706433,'attribute',34,'操作url：/index.php?s=/Admin/Attribute/remove/id/34.html',1,1500950416),(71,11,1,2130706433,'category',56,'操作url：/index.php?s=/Admin/Category/edit.html',1,1500950489),(72,11,1,2130706433,'category',57,'操作url：/index.php?s=/Admin/Category/edit.html',1,1500951523),(73,11,1,2130706433,'category',58,'操作url：/index.php?s=/Admin/Category/edit.html',1,1500951532),(74,11,1,2130706433,'category',59,'操作url：/index.php?s=/Admin/Category/edit.html',1,1500951544),(75,11,1,2130706433,'category',60,'操作url：/index.php?s=/Admin/Category/edit.html',1,1500951557),(76,11,1,2130706433,'category',61,'操作url：/index.php?s=/Admin/Category/edit.html',1,1500951584),(77,1,1,2130706433,'member',1,'admin在2017-07-25 11:27登录了后台',1,1500953251),(78,11,1,2130706433,'category',65,'操作url：/index.php?s=/Admin/Category/edit.html',1,1500954257),(79,11,1,2130706433,'category',64,'操作url：/index.php?s=/Admin/Category/edit.html',1,1500954259),(80,11,1,2130706433,'category',63,'操作url：/index.php?s=/Admin/Category/edit.html',1,1500954264),(81,11,1,2130706433,'category',66,'操作url：/index.php?s=/Admin/Category/edit.html',1,1500954275),(82,11,1,2130706433,'category',65,'操作url：/index.php?s=/Admin/Category/edit.html',1,1500954284),(83,11,1,2130706433,'category',64,'操作url：/index.php?s=/Admin/Category/edit.html',1,1500954302),(84,11,1,2130706433,'category',63,'操作url：/index.php?s=/Admin/Category/edit.html',1,1500954312),(85,11,1,2130706433,'category',67,'操作url：/index.php?s=/Admin/Category/edit.html',1,1500954326),(86,11,1,2130706433,'category',68,'操作url：/index.php?s=/Admin/Category/edit.html',1,1500954337),(87,11,1,2130706433,'category',69,'操作url：/index.php?s=/Admin/Category/edit.html',1,1500954347),(88,11,1,2130706433,'category',70,'操作url：/index.php?s=/Admin/Category/edit.html',1,1500954355),(89,11,1,2130706433,'category',71,'操作url：/index.php?s=/Admin/Category/add.html',1,1500955933),(90,11,1,2130706433,'category',72,'操作url：/index.php?s=/Admin/Category/add.html',1,1500956104),(91,8,1,2130706433,'attribute',35,'操作url：/index.php?s=/Admin/Attribute/update.html',1,1500956786),(92,11,1,2130706433,'category',73,'操作url：/index.php?s=/Admin/Category/add.html',1,1500956822),(93,8,1,2130706433,'attribute',35,'操作url：/index.php?s=/Admin/Attribute/remove/id/35.html',1,1500961096),(94,8,1,2130706433,'attribute',36,'操作url：/index.php?s=/Admin/Attribute/update.html',1,1500961158),(95,11,1,2130706433,'category',73,'操作url：/index.php?s=/Admin/Category/edit.html',1,1500961934),(96,11,1,2130706433,'category',73,'操作url：/index.php?s=/Admin/Category/edit.html',1,1500968118),(97,11,1,2130706433,'category',72,'操作url：/index.php?s=/Admin/Category/edit.html',1,1500968132),(98,11,1,2130706433,'category',73,'操作url：/index.php?s=/Admin/Category/edit.html',1,1500968140),(99,11,1,2130706433,'category',71,'操作url：/index.php?s=/Admin/Category/edit.html',1,1500968151),(100,11,1,2130706433,'category',71,'操作url：/index.php?s=/Admin/Category/edit.html',1,1500968541),(101,11,1,2130706433,'category',72,'操作url：/index.php?s=/Admin/Category/edit.html',1,1500968548),(102,11,1,2130706433,'category',73,'操作url：/index.php?s=/Admin/Category/edit.html',1,1500968556),(103,11,1,2130706433,'category',73,'操作url：/index.php?s=/Admin/Category/edit.html',1,1500968910),(104,11,1,2130706433,'category',71,'操作url：/index.php?s=/Admin/Category/edit.html',1,1500969877),(105,11,1,2130706433,'category',72,'操作url：/index.php?s=/Admin/Category/edit.html',1,1500969889),(106,11,1,2130706433,'category',73,'操作url：/index.php?s=/Admin/Category/edit.html',1,1500970000),(107,11,1,2130706433,'category',71,'操作url：/index.php?s=/Admin/Category/edit.html',1,1500970266),(108,11,1,2130706433,'category',73,'操作url：/index.php?s=/Admin/Category/edit.html',1,1500970485),(109,11,1,2130706433,'category',72,'操作url：/index.php?s=/Admin/Category/edit.html',1,1500971218),(110,11,1,2130706433,'category',72,'操作url：/index.php?s=/Admin/Category/edit.html',1,1500971288),(111,11,1,2130706433,'category',74,'操作url：/index.php?s=/Admin/Category/add.html',1,1500974262),(112,11,1,2130706433,'category',72,'操作url：/index.php?s=/Admin/Category/edit.html',1,1500974273),(113,11,1,2130706433,'category',73,'操作url：/index.php?s=/Admin/Category/edit.html',1,1500974280),(114,11,1,2130706433,'category',74,'操作url：/index.php?s=/Admin/Category/edit.html',1,1500974441),(115,7,1,2130706433,'model',5,'操作url：/index.php?s=/Admin/Model/update.html',1,1500974581),(116,8,1,2130706433,'attribute',37,'操作url：/index.php?s=/Admin/Attribute/update.html',1,1500974608),(117,8,1,2130706433,'attribute',38,'操作url：/index.php?s=/Admin/Attribute/update.html',1,1500974663),(118,7,1,2130706433,'model',5,'操作url：/index.php?s=/Admin/Model/update.html',1,1500974812),(119,7,1,2130706433,'model',5,'操作url：/index.php?s=/Admin/Model/update.html',1,1500974852),(120,11,1,2130706433,'category',74,'操作url：/index.php?s=/Admin/Category/edit.html',1,1500974867),(121,8,1,2130706433,'attribute',39,'操作url：/index.php?s=/Admin/Attribute/update.html',1,1500974977),(122,7,1,2130706433,'model',5,'操作url：/index.php?s=/Admin/Model/update.html',1,1500974999),(123,11,1,2130706433,'category',74,'操作url：/index.php?s=/Admin/Category/edit.html',1,1500975195),(124,11,1,2130706433,'category',74,'操作url：/index.php?s=/Admin/Category/edit.html',1,1500975207),(125,11,1,2130706433,'category',74,'操作url：/index.php?s=/Admin/Category/edit.html',1,1500975774),(126,11,1,2130706433,'category',74,'操作url：/index.php?s=/Admin/Category/remove/id/74.html',1,1500977939),(127,11,1,2130706433,'category',75,'操作url：/index.php?s=/Admin/Category/add.html',1,1500977971),(128,11,1,2130706433,'category',75,'操作url：/index.php?s=/Admin/Category/edit.html',1,1500978212),(129,1,1,2130706433,'member',1,'admin在2017-07-26 08:53登录了后台',1,1501030392),(130,8,1,2130706433,'attribute',39,'操作url：/index.php?s=/Admin/Attribute/update.html',1,1501030721),(131,8,1,2130706433,'attribute',39,'操作url：/index.php?s=/Admin/Attribute/remove/id/39.html',1,1501030919),(132,8,1,2130706433,'attribute',40,'操作url：/index.php?s=/Admin/Attribute/update.html',1,1501030937),(133,8,1,2130706433,'attribute',38,'操作url：/index.php?s=/Admin/Attribute/remove/id/38.html',1,1501031136),(134,8,1,2130706433,'attribute',41,'操作url：/index.php?s=/Admin/Attribute/update.html',1,1501031208),(135,11,1,2130706433,'category',42,'操作url：/index.php?s=/Admin/Category/edit.html',1,1501033070),(136,9,1,2130706433,'channel',2,'操作url：/index.php?s=/Admin/Channel/edit.html',1,1501033223),(137,9,1,2130706433,'channel',2,'操作url：/index.php?s=/Admin/Channel/edit.html',1,1501033310),(138,11,1,2130706433,'category',42,'操作url：/index.php?s=/Admin/Category/edit.html',1,1501033346),(139,11,1,2130706433,'category',43,'操作url：/index.php?s=/Admin/Category/edit.html',1,1501034337),(140,11,1,2130706433,'category',43,'操作url：/index.php?s=/Admin/Category/edit.html',1,1501034365),(141,9,1,2130706433,'channel',3,'操作url：/index.php?s=/Admin/Channel/edit.html',1,1501034456),(142,9,1,2130706433,'channel',3,'操作url：/index.php?s=/Admin/Channel/edit.html',1,1501034562),(143,11,1,2130706433,'category',44,'操作url：/index.php?s=/Admin/Category/edit.html',1,1501036035),(144,11,1,2130706433,'category',44,'操作url：/index.php?s=/Admin/Category/edit.html',1,1501036192),(145,9,1,2130706433,'channel',4,'操作url：/index.php?s=/Admin/Channel/edit.html',1,1501036218),(146,11,1,2130706433,'category',46,'操作url：/index.php?s=/Admin/Category/edit.html',1,1501037298),(147,9,1,2130706433,'channel',6,'操作url：/index.php?s=/Admin/Channel/edit.html',1,1501037347),(148,11,1,2130706433,'category',56,'操作url：/index.php?s=/Admin/Category/edit.html',1,1501037837),(149,11,1,2130706433,'category',55,'操作url：/index.php?s=/Admin/Category/edit.html',1,1501037856),(150,11,1,2130706433,'category',56,'操作url：/index.php?s=/Admin/Category/edit.html',1,1501038336),(151,8,1,2130706433,'attribute',42,'操作url：/index.php?s=/Admin/Attribute/update.html',1,1501039410),(152,11,1,2130706433,'category',55,'操作url：/index.php?s=/Admin/Category/edit.html',1,1501039616),(153,11,1,2130706433,'category',57,'操作url：/index.php?s=/Admin/Category/edit.html',1,1501039726),(154,11,1,2130706433,'category',58,'操作url：/index.php?s=/Admin/Category/edit.html',1,1501039737),(155,11,1,2130706433,'category',59,'操作url：/index.php?s=/Admin/Category/edit.html',1,1501039747),(156,11,1,2130706433,'category',60,'操作url：/index.php?s=/Admin/Category/edit.html',1,1501039757),(157,11,1,2130706433,'category',61,'操作url：/index.php?s=/Admin/Category/edit.html',1,1501039776),(158,11,1,2130706433,'category',62,'操作url：/index.php?s=/Admin/Category/edit.html',1,1501039786),(159,11,1,2130706433,'category',66,'操作url：/index.php?s=/Admin/Category/edit.html',1,1501039805),(160,11,1,2130706433,'category',65,'操作url：/index.php?s=/Admin/Category/edit.html',1,1501039818),(161,11,1,2130706433,'category',64,'操作url：/index.php?s=/Admin/Category/edit.html',1,1501039828),(162,11,1,2130706433,'category',63,'操作url：/index.php?s=/Admin/Category/edit.html',1,1501039838),(163,11,1,2130706433,'category',76,'操作url：/index.php?s=/Admin/Category/add.html',1,1501040830),(164,11,1,2130706433,'category',76,'操作url：/index.php?s=/Admin/Category/edit.html',1,1501040918),(165,7,1,2130706433,'model',2,'操作url：/index.php?s=/Admin/Model/update.html',1,1501041183),(166,7,1,2130706433,'model',2,'操作url：/index.php?s=/Admin/Model/update.html',1,1501041233),(167,11,1,2130706433,'category',47,'操作url：/index.php?s=/Admin/Category/edit.html',1,1501041975),(168,11,1,2130706433,'category',71,'操作url：/index.php?s=/Admin/Category/edit.html',1,1501041978),(169,11,1,2130706433,'category',39,'操作url：/index.php?s=/Admin/Category/edit.html',1,1501041980),(170,11,1,2130706433,'category',77,'操作url：/index.php?s=/Admin/Category/add.html',1,1501042022),(171,11,1,2130706433,'category',78,'操作url：/index.php?s=/Admin/Category/add.html',1,1501042083),(172,11,1,2130706433,'category',79,'操作url：/index.php?s=/Admin/Category/add.html',1,1501042142),(173,11,1,2130706433,'category',80,'操作url：/index.php?s=/Admin/Category/add.html',1,1501042183),(174,11,1,2130706433,'category',80,'操作url：/index.php?s=/Admin/Category/edit.html',1,1501042194),(175,11,1,2130706433,'category',81,'操作url：/index.php?s=/Admin/Category/add.html',1,1501042220),(176,11,1,2130706433,'category',82,'操作url：/index.php?s=/Admin/Category/add.html',1,1501042300),(177,11,1,2130706433,'category',83,'操作url：/index.php?s=/Admin/Category/add.html',1,1501042383),(178,11,1,2130706433,'category',84,'操作url：/index.php?s=/Admin/Category/add.html',1,1501042455),(179,11,1,2130706433,'category',85,'操作url：/index.php?s=/Admin/Category/add.html',1,1501042476),(180,11,1,2130706433,'category',84,'操作url：/index.php?s=/Admin/Category/edit.html',1,1501042504),(181,11,1,2130706433,'category',85,'操作url：/index.php?s=/Admin/Category/edit.html',1,1501042506),(182,11,1,2130706433,'category',81,'操作url：/index.php?s=/Admin/Category/edit.html',1,1501042525),(183,11,1,2130706433,'category',83,'操作url：/index.php?s=/Admin/Category/edit.html',1,1501043470),(184,11,1,2130706433,'category',84,'操作url：/index.php?s=/Admin/Category/edit.html',1,1501043482),(185,11,1,2130706433,'category',85,'操作url：/index.php?s=/Admin/Category/edit.html',1,1501043492),(186,11,1,2130706433,'category',83,'操作url：/index.php?s=/Admin/Category/edit.html',1,1501046687),(187,11,1,2130706433,'category',84,'操作url：/index.php?s=/Admin/Category/edit.html',1,1501046699),(188,11,1,2130706433,'category',85,'操作url：/index.php?s=/Admin/Category/edit.html',1,1501046708),(189,11,1,2130706433,'category',86,'操作url：/index.php?s=/Admin/Category/add.html',1,1501046989),(190,11,1,2130706433,'category',87,'操作url：/index.php?s=/Admin/Category/add.html',1,1501047044),(191,11,1,2130706433,'category',88,'操作url：/index.php?s=/Admin/Category/add.html',1,1501047069),(192,11,1,2130706433,'category',89,'操作url：/index.php?s=/Admin/Category/add.html',1,1501047093),(193,11,1,2130706433,'category',88,'操作url：/index.php?s=/Admin/Category/edit.html',1,1501047103),(194,11,1,2130706433,'category',89,'操作url：/index.php?s=/Admin/Category/edit.html',1,1501047105),(195,11,1,2130706433,'category',89,'操作url：/index.php?s=/Admin/Category/edit.html',1,1501047145),(196,11,1,2130706433,'category',87,'操作url：/index.php?s=/Admin/Category/edit.html',1,1501047330),(197,11,1,2130706433,'category',88,'操作url：/index.php?s=/Admin/Category/edit.html',1,1501047354),(198,11,1,2130706433,'category',89,'操作url：/index.php?s=/Admin/Category/edit.html',1,1501047379),(199,11,1,2130706433,'category',90,'操作url：/index.php?s=/Admin/Category/add.html',1,1501048894),(200,11,1,2130706433,'category',90,'操作url：/index.php?s=/Admin/Category/edit.html',1,1501049151),(201,11,1,2130706433,'category',90,'操作url：/index.php?s=/Admin/Category/edit.html',1,1501049186),(202,11,1,2130706433,'category',90,'操作url：/index.php?s=/Admin/Category/edit.html',1,1501049260),(203,11,1,2130706433,'category',90,'操作url：/index.php?s=/Admin/Category/edit.html',1,1501049291),(204,8,1,2130706433,'attribute',43,'操作url：/index.php?s=/Admin/Attribute/update.html',1,1501049644),(205,8,1,2130706433,'attribute',44,'操作url：/index.php?s=/Admin/Attribute/update.html',1,1501049671),(206,11,1,2130706433,'category',73,'操作url：/index.php?s=/Admin/Category/edit.html',1,1501051460),(207,11,1,2130706433,'category',75,'操作url：/index.php?s=/Admin/Category/edit.html',1,1501051461),(208,11,1,2130706433,'category',76,'操作url：/index.php?s=/Admin/Category/edit.html',1,1501051463),(209,11,1,2130706433,'category',91,'操作url：/index.php?s=/Admin/Category/add.html',1,1501051507),(210,11,1,2130706433,'category',91,'操作url：/index.php?s=/Admin/Category/edit.html',1,1501052551),(211,11,1,2130706433,'category',91,'操作url：/index.php?s=/Admin/Category/edit.html',1,1501052875),(212,11,1,2130706433,'category',91,'操作url：/index.php?s=/Admin/Category/edit.html',1,1501053017),(213,11,1,2130706433,'category',91,'操作url：/index.php?s=/Admin/Category/edit.html',1,1501053318),(214,11,1,2130706433,'category',92,'操作url：/index.php?s=/Admin/Category/add.html',1,1501053369),(215,11,1,2130706433,'category',92,'操作url：/index.php?s=/Admin/Category/edit.html',1,1501053440),(216,11,1,2130706433,'category',93,'操作url：/index.php?s=/Admin/Category/add.html',1,1501053471),(217,11,1,2130706433,'category',93,'操作url：/index.php?s=/Admin/Category/edit.html',1,1501053486),(218,11,1,2130706433,'category',94,'操作url：/index.php?s=/Admin/Category/add.html',1,1501053505),(219,11,1,2130706433,'category',95,'操作url：/index.php?s=/Admin/Category/add.html',1,1501053528),(220,11,1,2130706433,'category',96,'操作url：/index.php?s=/Admin/Category/add.html',1,1501053547),(221,11,1,2130706433,'category',94,'操作url：/index.php?s=/Admin/Category/edit.html',1,1501053573),(222,11,1,2130706433,'category',95,'操作url：/index.php?s=/Admin/Category/edit.html',1,1501053584),(223,11,1,2130706433,'category',96,'操作url：/index.php?s=/Admin/Category/edit.html',1,1501053589),(224,8,1,2130706433,'attribute',41,'操作url：/index.php?s=/Admin/Attribute/update.html',1,1501054236),(225,11,1,2130706433,'category',68,'操作url：/index.php?s=/Admin/Category/edit.html',1,1501064551),(226,11,1,2130706433,'category',67,'操作url：/index.php?s=/Admin/Category/edit.html',1,1501064563),(227,11,1,2130706433,'category',69,'操作url：/index.php?s=/Admin/Category/edit.html',1,1501064600),(228,11,1,2130706433,'category',70,'操作url：/index.php?s=/Admin/Category/edit.html',1,1501064612),(229,1,1,2130706433,'member',1,'admin在2017-07-27 08:46登录了后台',1,1501116362),(230,9,1,2130706433,'channel',2,'操作url：/index.php?s=/Admin/Channel/edit.html',1,1501116652),(231,9,1,2130706433,'channel',3,'操作url：/index.php?s=/Admin/Channel/edit.html',1,1501116718),(232,9,1,2130706433,'channel',4,'操作url：/index.php?s=/Admin/Channel/edit.html',1,1501116732),(233,9,1,2130706433,'channel',6,'操作url：/index.php?s=/Admin/Channel/edit.html',1,1501116750),(234,9,1,2130706433,'channel',7,'操作url：/index.php?s=/Admin/Channel/edit.html',1,1501116762),(235,11,1,2130706433,'category',45,'操作url：/index.php?s=/Admin/Category/edit.html',1,1501117157),(236,9,1,2130706433,'channel',5,'操作url：/index.php?s=/Admin/Channel/edit.html',1,1501117287),(237,9,1,2130706433,'channel',5,'操作url：/index.php?s=/Admin/Channel/edit.html',1,1501117339),(238,9,1,2130706433,'channel',5,'操作url：/index.php?s=/Admin/Channel/edit.html',1,1501117375),(239,11,1,2130706433,'category',75,'操作url：/index.php?s=/Admin/Category/edit.html',1,1501118547),(240,11,1,2130706433,'category',76,'操作url：/index.php?s=/Admin/Category/edit.html',1,1501118583),(241,8,1,2130706433,'attribute',41,'操作url：/index.php?s=/Admin/Attribute/update.html',1,1501119655),(242,8,1,2130706433,'attribute',45,'操作url：/index.php?s=/Admin/Attribute/update.html',1,1501119727),(243,7,1,2130706433,'model',5,'操作url：/index.php?s=/Admin/Model/update.html',1,1501119877),(244,11,1,2130706433,'category',75,'操作url：/index.php?s=/Admin/Category/edit.html',1,1501120388),(245,7,1,2130706433,'model',5,'操作url：/index.php?s=/Admin/Model/update.html',1,1501120635),(246,11,1,2130706433,'category',68,'操作url：/index.php?s=/Admin/Category/edit.html',1,1501120915),(247,11,1,2130706433,'category',67,'操作url：/index.php?s=/Admin/Category/edit.html',1,1501120928),(248,11,1,2130706433,'category',69,'操作url：/index.php?s=/Admin/Category/edit.html',1,1501120939),(249,11,1,2130706433,'category',70,'操作url：/index.php?s=/Admin/Category/edit.html',1,1501120952),(250,11,1,2130706433,'category',68,'操作url：/index.php?s=/Admin/Category/edit.html',1,1501121256),(251,11,1,2130706433,'category',67,'操作url：/index.php?s=/Admin/Category/edit.html',1,1501121270),(252,11,1,2130706433,'category',69,'操作url：/index.php?s=/Admin/Category/edit.html',1,1501121280),(253,11,1,2130706433,'category',70,'操作url：/index.php?s=/Admin/Category/edit.html',1,1501121291),(254,1,1,2130706433,'member',1,'admin在2017-07-27 12:28登录了后台',1,1501129730),(255,1,1,2130706433,'member',1,'admin在2017-07-27 13:19登录了后台',1,1501132784),(256,1,1,1928984373,'member',1,'admin在2017-07-28 11:31登录了后台',1,1501212696),(257,1,1,1928984373,'member',1,'admin在2017-07-28 11:37登录了后台',1,1501213078),(258,9,1,1928984373,'channel',2,'操作url：/Admin/Channel/edit.html',1,1501214487),(259,9,1,1928984373,'channel',3,'操作url：/Admin/Channel/edit.html',1,1501214494),(260,9,1,1928984373,'channel',4,'操作url：/Admin/Channel/edit.html',1,1501214501),(261,9,1,1928984373,'channel',5,'操作url：/Admin/Channel/edit.html',1,1501214509),(262,9,1,1928984373,'channel',6,'操作url：/Admin/Channel/edit.html',1,1501214516),(263,1,1,1928984373,'member',1,'admin在2017-07-28 15:03登录了后台',1,1501225417),(264,1,1,1928982798,'member',1,'admin在2017-07-31 16:25登录了后台',1,1501489507),(265,11,1,1928982798,'category',97,'操作url：/Admin/Category/add.html',1,1501489569),(266,11,1,1928982798,'category',98,'操作url：/Admin/Category/add.html',1,1501489615),(267,11,1,1928982798,'category',97,'操作url：/Admin/Category/edit.html',1,1501489675),(268,11,1,1928982798,'category',98,'操作url：/Admin/Category/edit.html',1,1501489691),(269,11,1,1928982798,'category',42,'操作url：/Admin/Category/edit.html',1,1501490432),(270,11,1,1928982798,'category',42,'操作url：/Admin/Category/edit.html',1,1501491515),(271,11,1,1928982798,'category',97,'操作url：/Admin/Category/edit.html',1,1501491604),(272,11,1,1928982798,'category',98,'操作url：/Admin/Category/edit.html',1,1501491617),(273,8,1,1928982798,'attribute',45,'操作url：/Admin/Attribute/update.html',1,1501491739),(274,8,1,1928982798,'attribute',46,'操作url：/Admin/Attribute/update.html',1,1501492092),(275,1,1,1928982798,'member',1,'admin在2017-07-31 17:10登录了后台',1,1501492234),(276,8,1,1928982798,'attribute',46,'操作url：/Admin/Attribute/remove/id/46.html',1,1501492338),(277,1,1,2071386604,'member',1,'admin在2017-08-01 08:48登录了后台',1,1501548530),(278,1,1,2071386604,'member',1,'admin在2017-08-01 08:54登录了后台',1,1501548858),(279,8,1,2071386604,'attribute',45,'操作url：/Admin/Attribute/update.html',1,1501549062),(280,11,1,2071386604,'category',97,'操作url：/Admin/Category/edit.html',1,1501549101),(281,11,1,2071386604,'category',98,'操作url：/Admin/Category/edit.html',1,1501549110),(282,1,1,-561957896,'member',1,'admin在2017-08-04 08:55登录了后台',1,1501808145),(283,1,1,1033225958,'member',1,'admin在2017-08-08 10:22登录了后台',1,1502158978),(284,1,1,1033225958,'member',1,'admin在2017-08-08 10:28登录了后台',1,1502159300),(285,11,1,1033225958,'category',75,'操作url：/Admin/Category/edit.html',1,1502160528),(286,11,1,1033225958,'category',76,'操作url：/Admin/Category/edit.html',1,1502160542),(287,1,1,1928984692,'member',1,'admin在2017-08-09 17:43登录了后台',1,1502271831),(288,1,1,-561958355,'member',1,'admin在2017-08-10 10:39登录了后台',1,1502332762),(289,1,1,-561958355,'member',1,'admin在2017-08-10 12:24登录了后台',1,1502339051),(290,11,1,-561958355,'category',75,'操作url：/Admin/Category/edit.html',1,1502355486),(291,11,1,-561958355,'category',76,'操作url：/Admin/Category/edit.html',1,1502355516),(292,1,1,-561961493,'member',1,'admin在2017-08-11 16:41登录了后台',1,1502440885),(293,8,1,-561961493,'attribute',37,'操作url：/Admin/Attribute/remove/id/37.html',1,1502441251),(294,8,1,-561961493,'attribute',47,'操作url：/Admin/Attribute/update.html',1,1502441286),(295,1,1,-561961493,'member',1,'admin在2017-08-11 17:02登录了后台',1,1502442176),(296,1,1,1885209894,'member',1,'admin在2017-08-11 17:05登录了后台',1,1502442311),(297,9,1,-561961493,'channel',4,'操作url：/Admin/Channel/edit.html',1,1502443679),(298,1,1,1898723276,'member',1,'admin在2017-08-13 17:29登录了后台',1,1502616588),(299,1,1,1928982873,'member',1,'admin在2017-08-15 15:24登录了后台',1,1502781874),(300,1,1,1928982873,'member',1,'admin在2017-08-15 15:26登录了后台',1,1502782018),(301,1,1,1928982873,'member',1,'admin在2017-08-15 17:23登录了后台',1,1502788999),(302,1,1,1928982823,'member',1,'admin在2017-08-16 17:42登录了后台',1,1502876525),(303,1,1,1928984492,'member',1,'admin在2017-08-17 16:05登录了后台',1,1502957135),(304,1,1,1928984492,'member',1,'admin在2017-08-17 16:32登录了后台',1,1502958720),(305,1,1,1928984954,'member',1,'admin在2017-08-21 14:39登录了后台',1,1503297584),(306,1,1,1928984954,'member',1,'admin在2017-08-21 15:38登录了后台',1,1503301094),(307,6,1,1928984954,'config',39,'操作url：/Admin/Config/edit.html',1,1503301145),(308,1,1,1928984254,'member',1,'admin在2017-08-22 09:30登录了后台',1,1503365404),(309,9,1,1928984254,'channel',2,'操作url：/Admin/Channel/edit.html',1,1503365422),(310,9,1,1928984254,'channel',3,'操作url：/Admin/Channel/edit.html',1,1503365464),(311,9,1,1928984254,'channel',4,'操作url：/Admin/Channel/edit.html',1,1503365471),(312,9,1,1928984254,'channel',5,'操作url：/Admin/Channel/edit.html',1,1503365477),(313,9,1,1928984254,'channel',6,'操作url：/Admin/Channel/edit.html',1,1503365484),(314,1,1,-561962588,'member',1,'admin在2017-08-23 16:32登录了后台',1,1503477120),(315,1,1,1929286045,'member',1,'admin在2017-08-24 10:30登录了后台',1,1503541820),(316,1,1,2071386571,'member',1,'admin在2017-08-25 10:13登录了后台',1,1503627206),(317,1,1,-561961896,'member',1,'admin在2017-08-28 10:46登录了后台',1,1503888399),(318,1,1,1928982936,'member',1,'admin在2017-08-29 16:22登录了后台',1,1503994955),(319,1,1,1928982936,'member',1,'admin在2017-08-29 17:57登录了后台',1,1504000636),(320,1,1,-561962528,'member',1,'admin在2017-08-31 11:21登录了后台',1,1504149660),(321,1,1,1928983299,'member',1,'admin在2017-09-01 09:08登录了后台',1,1504228086),(322,1,1,1928983299,'member',1,'admin在2017-09-01 15:04登录了后台',1,1504249454),(323,1,1,-561957784,'member',1,'admin在2017-09-07 15:26登录了后台',1,1504769166),(324,6,1,-561957784,'config',39,'操作url：/Admin/Config/edit.html',1,1504769187),(325,1,1,-561957784,'member',1,'admin在2017-09-07 15:41登录了后台',1,1504770113),(326,1,1,-561959448,'member',1,'admin在2017-09-08 13:59登录了后台',1,1504850365),(327,1,1,2071384776,'member',1,'admin在2017-09-12 11:24登录了后台',1,1505186652),(328,1,1,2071387563,'member',1,'admin在2017-09-13 09:14登录了后台',1,1505265269),(329,8,1,2071387563,'attribute',17,'操作url：/Admin/Attribute/update.html',1,1505265666),(330,7,1,2071387563,'model',2,'操作url：/Admin/Model/update.html',1,1505267000),(331,7,1,2071387563,'model',2,'操作url：/Admin/Model/update.html',1,1505267075),(332,8,1,2071387563,'attribute',2,'操作url：/Admin/Attribute/update.html',1,1505268461),(333,8,1,2071387563,'attribute',26,'操作url：/Admin/Attribute/update.html',1,1505268778),(334,8,1,2071387563,'attribute',25,'操作url：/Admin/Attribute/update.html',1,1505268794),(335,8,1,2071387563,'attribute',36,'操作url：/Admin/Attribute/update.html',1,1505270083),(336,8,1,2071387563,'attribute',9,'操作url：/Admin/Attribute/update.html',1,1505271377),(337,8,1,2071387563,'attribute',10,'操作url：/Admin/Attribute/update.html',1,1505271473),(338,8,1,2071387563,'attribute',9,'操作url：/Admin/Attribute/update.html',1,1505271566),(339,8,1,2071387563,'attribute',10,'操作url：/Admin/Attribute/update.html',1,1505271721),(340,1,1,2071387563,'member',1,'admin在2017-09-13 11:04登录了后台',1,1505271893),(341,1,1,2071387563,'member',1,'admin在2017-09-13 11:05登录了后台',1,1505271914),(342,8,1,2071387563,'attribute',14,'操作url：/Admin/Attribute/update.html',1,1505272637),(343,8,1,2071387563,'attribute',14,'操作url：/Admin/Attribute/update.html',1,1505272648),(344,1,1,-561958711,'member',1,'admin在2017-09-14 11:01登录了后台',1,1505358118),(345,1,1,-561962887,'member',1,'admin在2017-09-15 17:09登录了后台',1,1505466573),(346,8,1,-561962887,'attribute',13,'操作url：/Admin/Attribute/update.html',1,1505466732),(347,1,1,-561962887,'member',1,'admin在2017-09-15 17:15登录了后台',1,1505466937),(348,1,1,1875137251,'member',1,'admin在2017-09-18 09:51登录了后台',1,1505699516),(349,9,1,1875137251,'channel',7,'操作url：/Admin/Channel/edit.html',1,1505699714),(350,1,1,2071386576,'member',1,'admin在2017-09-19 09:20登录了后台',1,1505784052),(351,1,1,-1216146972,'member',1,'admin在2017-09-19 13:17登录了后台',1,1505798257),(352,1,1,-1216146972,'member',1,'admin在2017-09-19 16:23登录了后台',1,1505809411),(353,1,1,-1216146972,'member',1,'admin在2017-09-20 10:29登录了后台',1,1505874555),(354,1,1,-1216146972,'member',1,'admin在2017-09-20 15:23登录了后台',1,1505892209),(355,1,1,-561959529,'member',1,'admin在2017-09-20 15:45登录了后台',1,1505893552),(356,1,1,-561959529,'member',1,'admin在2017-09-20 15:51登录了后台',1,1505893860),(357,8,1,-561959529,'attribute',9,'操作url：/Admin/Attribute/update.html',1,1505896263),(358,1,1,-1216146972,'member',1,'admin在2017-09-20 17:10登录了后台',1,1505898638),(359,1,1,2071386228,'member',1,'admin在2017-09-21 09:01登录了后台',1,1505955678),(360,1,1,2071386228,'member',1,'admin在2017-09-21 10:26登录了后台',1,1505960800),(361,9,1,2071386228,'channel',7,'操作url：/Admin/Channel/edit.html',1,1505960815),(362,9,1,2071386228,'channel',7,'操作url：/Admin/Channel/edit.html',1,1505960857),(363,9,1,2071386228,'channel',7,'操作url：/Admin/Channel/edit.html',1,1505960866),(364,1,2,2071386228,'member',2,'test在2017-09-21 10:43登录了后台',1,1505961794),(365,1,1,2071386228,'member',1,'admin在2017-09-21 10:43登录了后台',1,1505961815),(366,1,2,2071386228,'member',2,'test在2017-09-21 10:44登录了后台',1,1505961889),(367,1,1,2071386228,'member',1,'admin在2017-09-21 10:45登录了后台',1,1505961907),(368,1,1,-1216146972,'member',1,'admin在2017-09-21 13:29登录了后台',1,1505971789),(369,11,1,-1216146972,'category',99,'操作url：/Admin/Category/add.html',1,1505978307),(370,11,1,-1216146972,'category',99,'操作url：/Admin/Category/edit.html',1,1505978588),(371,11,1,-1216146972,'category',99,'操作url：/Admin/Category/remove/id/99.html',1,1505978643),(372,11,1,-1216146972,'category',100,'操作url：/Admin/Category/add.html',1,1505978692),(373,1,1,2071386228,'member',1,'admin在2017-09-21 16:36登录了后台',1,1505983011),(374,8,1,2071386228,'attribute',10,'操作url：/Admin/Attribute/update.html',1,1505983083),(375,1,1,2071386228,'member',1,'admin在2017-09-21 17:41登录了后台',1,1505986880),(376,1,1,-1216146972,'member',1,'admin在2017-09-21 20:22登录了后台',1,1505996576),(377,11,1,-1216146972,'category',100,'操作url：/Admin/Category/remove/id/100.html',1,1506043561),(378,11,1,-1216146972,'category',101,'操作url：/Admin/Category/add.html',1,1506045982),(379,11,1,-1216146972,'category',101,'操作url：/Admin/Category/edit.html',1,1506046046),(380,11,1,-1216146972,'category',101,'操作url：/Admin/Category/remove/id/101.html',1,1506046090),(381,1,1,2071385330,'member',1,'admin在2017-09-22 10:44登录了后台',1,1506048281),(382,11,1,2071385330,'category',55,'操作url：/Admin/Category/edit.html',1,1506048326),(383,1,1,2071385330,'member',1,'admin在2017-09-22 10:50登录了后台',1,1506048618),(384,8,1,2071385330,'attribute',44,'操作url：/Admin/Attribute/update.html',1,1506064997),(385,8,1,2071385330,'attribute',43,'操作url：/Admin/Attribute/update.html',1,1506065019),(386,8,1,2071385330,'attribute',36,'操作url：/Admin/Attribute/update.html',1,1506065291),(387,8,1,2071385330,'attribute',36,'操作url：/Admin/Attribute/update.html',1,1506065351),(388,1,1,-1216146972,'member',1,'admin在2017-09-25 13:51登录了后台',1,1506318715),(389,1,1,-1216146972,'member',1,'admin在2017-09-25 13:53登录了后台',1,1506318836),(390,1,1,1928984348,'member',1,'admin在2017-09-25 14:48登录了后台',1,1506322084),(391,6,1,1928984348,'config',42,'操作url：/Admin/Config/edit.html',1,1506324972),(392,1,1,-1216146972,'member',1,'admin在2017-09-25 16:54登录了后台',1,1506329692),(393,1,1,-561960209,'member',1,'admin在2017-09-28 10:00登录了后台',1,1506564006),(394,1,1,-561960209,'member',1,'admin在2017-09-28 10:17登录了后台',1,1506565034),(395,1,1,-561962736,'member',1,'admin在2017-09-29 17:25登录了后台',1,1506677120),(396,1,1,-561962736,'member',1,'admin在2017-09-29 17:26登录了后台',1,1506677218),(397,1,1,-561962736,'member',1,'admin在2017-09-29 17:27登录了后台',1,1506677268);
/*!40000 ALTER TABLE `o_action_log` ENABLE KEYS */;
UNLOCK TABLES;

--
-- Table structure for table `o_addons`
--

DROP TABLE IF EXISTS `o_addons`;
/*!40101 SET @saved_cs_client     = @@character_set_client */;
/*!40101 SET character_set_client = utf8 */;
CREATE TABLE `o_addons` (
  `id` int(10) unsigned NOT NULL AUTO_INCREMENT COMMENT '主键',
  `name` varchar(40) NOT NULL COMMENT '插件名或标识',
  `title` varchar(20) NOT NULL DEFAULT '' COMMENT '中文名',
  `description` text COMMENT '插件描述',
  `status` tinyint(1) NOT NULL DEFAULT '1' COMMENT '状态',
  `config` text COMMENT '配置',
  `author` varchar(40) DEFAULT '' COMMENT '作者',
  `version` varchar(20) DEFAULT '' COMMENT '版本号',
  `create_time` int(10) unsigned NOT NULL DEFAULT '0' COMMENT '安装时间',
  `has_adminlist` tinyint(1) unsigned NOT NULL DEFAULT '0' COMMENT '是否有后台列表',
  PRIMARY KEY (`id`)
) ENGINE=MyISAM AUTO_INCREMENT=16 DEFAULT CHARSET=utf8 COMMENT='插件表';
/*!40101 SET character_set_client = @saved_cs_client */;

--
-- Dumping data for table `o_addons`
--

LOCK TABLES `o_addons` WRITE;
/*!40000 ALTER TABLE `o_addons` DISABLE KEYS */;
INSERT INTO `o_addons` VALUES (15,'EditorForAdmin','后台编辑器','用于增强整站长文本的输入和显示',1,'{\"editor_type\":\"2\",\"editor_wysiwyg\":\"1\",\"editor_height\":\"500px\",\"editor_resize_type\":\"1\"}','thinkphp','0.1',1383126253,0),(2,'SiteStat','站点统计信息','统计站点的基础信息',1,'{\"title\":\"\\u7cfb\\u7edf\\u4fe1\\u606f\",\"width\":\"1\",\"display\":\"1\",\"status\":\"0\"}','thinkphp','0.1',1379512015,0),(3,'DevTeam','开发团队信息','开发团队成员信息',1,'{\"title\":\"OneThink\\u5f00\\u53d1\\u56e2\\u961f\",\"width\":\"2\",\"display\":\"1\"}','thinkphp','0.1',1379512022,0),(4,'SystemInfo','系统环境信息','用于显示一些服务器的信息',1,'{\"title\":\"\\u7cfb\\u7edf\\u4fe1\\u606f\",\"width\":\"2\",\"display\":\"1\"}','thinkphp','0.1',1379512036,0),(5,'Editor','前台编辑器','用于增强整站长文本的输入和显示',1,'{\"editor_type\":\"2\",\"editor_wysiwyg\":\"1\",\"editor_height\":\"300px\",\"editor_resize_type\":\"1\"}','thinkphp','0.1',1379830910,0),(6,'Attachment','附件','用于文档模型上传附件',1,'null','thinkphp','0.1',1379842319,1),(9,'SocialComment','通用社交化评论','集成了各种社交化评论插件，轻松集成到系统中。',1,'{\"comment_type\":\"1\",\"comment_uid_youyan\":\"\",\"comment_short_name_duoshuo\":\"\",\"comment_data_list_duoshuo\":\"\"}','thinkphp','0.1',1380273962,0);
/*!40000 ALTER TABLE `o_addons` ENABLE KEYS */;
UNLOCK TABLES;

--
-- Table structure for table `o_attachment`
--

DROP TABLE IF EXISTS `o_attachment`;
/*!40101 SET @saved_cs_client     = @@character_set_client */;
/*!40101 SET character_set_client = utf8 */;
CREATE TABLE `o_attachment` (
  `id` int(10) unsigned NOT NULL AUTO_INCREMENT,
  `uid` int(10) unsigned NOT NULL DEFAULT '0' COMMENT '用户ID',
  `title` char(30) NOT NULL DEFAULT '' COMMENT '附件显示名',
  `type` tinyint(3) unsigned NOT NULL DEFAULT '0' COMMENT '附件类型',
  `source` int(10) unsigned NOT NULL DEFAULT '0' COMMENT '资源ID',
  `record_id` int(10) unsigned NOT NULL DEFAULT '0' COMMENT '关联记录ID',
  `download` int(10) unsigned NOT NULL DEFAULT '0' COMMENT '下载次数',
  `size` bigint(20) unsigned NOT NULL DEFAULT '0' COMMENT '附件大小',
  `dir` int(12) unsigned NOT NULL DEFAULT '0' COMMENT '上级目录ID',
  `sort` int(8) unsigned NOT NULL DEFAULT '0' COMMENT '排序',
  `create_time` int(10) unsigned NOT NULL DEFAULT '0' COMMENT '创建时间',
  `update_time` int(11) unsigned NOT NULL DEFAULT '0' COMMENT '更新时间',
  `status` tinyint(1) NOT NULL DEFAULT '0' COMMENT '状态',
  PRIMARY KEY (`id`),
  KEY `idx_record_status` (`record_id`,`status`)
) ENGINE=MyISAM DEFAULT CHARSET=utf8 COMMENT='附件表';
/*!40101 SET character_set_client = @saved_cs_client */;

--
-- Dumping data for table `o_attachment`
--

LOCK TABLES `o_attachment` WRITE;
/*!40000 ALTER TABLE `o_attachment` DISABLE KEYS */;
/*!40000 ALTER TABLE `o_attachment` ENABLE KEYS */;
UNLOCK TABLES;

--
-- Table structure for table `o_attribute`
--

DROP TABLE IF EXISTS `o_attribute`;
/*!40101 SET @saved_cs_client     = @@character_set_client */;
/*!40101 SET character_set_client = utf8 */;
CREATE TABLE `o_attribute` (
  `id` int(10) unsigned NOT NULL AUTO_INCREMENT,
  `name` varchar(30) NOT NULL DEFAULT '' COMMENT '字段名',
  `title` varchar(100) NOT NULL DEFAULT '' COMMENT '字段注释',
  `field` varchar(100) NOT NULL DEFAULT '' COMMENT '字段定义',
  `type` varchar(20) NOT NULL DEFAULT '' COMMENT '数据类型',
  `value` varchar(100) NOT NULL DEFAULT '' COMMENT '字段默认值',
  `remark` varchar(100) NOT NULL DEFAULT '' COMMENT '备注',
  `is_show` tinyint(1) unsigned NOT NULL DEFAULT '1' COMMENT '是否显示',
  `extra` varchar(255) NOT NULL DEFAULT '' COMMENT '参数',
  `model_id` int(10) unsigned NOT NULL DEFAULT '0' COMMENT '模型id',
  `is_must` tinyint(1) unsigned NOT NULL DEFAULT '0' COMMENT '是否必填',
  `status` tinyint(2) NOT NULL DEFAULT '0' COMMENT '状态',
  `update_time` int(11) unsigned NOT NULL DEFAULT '0' COMMENT '更新时间',
  `create_time` int(11) unsigned NOT NULL DEFAULT '0' COMMENT '创建时间',
  `validate_rule` varchar(255) NOT NULL,
  `validate_time` tinyint(1) unsigned NOT NULL,
  `error_info` varchar(100) NOT NULL,
  `validate_type` varchar(25) NOT NULL,
  `auto_rule` varchar(100) NOT NULL,
  `auto_time` tinyint(1) unsigned NOT NULL,
  `auto_type` varchar(25) NOT NULL,
  PRIMARY KEY (`id`),
  KEY `model_id` (`model_id`)
) ENGINE=MyISAM AUTO_INCREMENT=48 DEFAULT CHARSET=utf8 COMMENT='模型属性表';
/*!40101 SET character_set_client = @saved_cs_client */;

--
-- Dumping data for table `o_attribute`
--

LOCK TABLES `o_attribute` WRITE;
/*!40000 ALTER TABLE `o_attribute` DISABLE KEYS */;
INSERT INTO `o_attribute` VALUES (1,'uid','用户ID','int(10) unsigned NOT NULL ','num','0','',0,'',1,0,1,1384508362,1383891233,'',0,'','','',0,''),(2,'name','标识','char(40) NOT NULL ','string','','同一根节点下标识不重复',0,'',1,0,1,1505268461,1383891233,'',0,'','regex','',0,'function'),(3,'title','标题','char(80) NOT NULL ','string','','文档标题',1,'',1,0,1,1383894778,1383891233,'',0,'','','',0,''),(4,'category_id','所属分类','int(10) unsigned NOT NULL ','string','','',0,'',1,0,1,1384508336,1383891233,'',0,'','','',0,''),(5,'description','描述','char(140) NOT NULL ','textarea','','',1,'',1,0,1,1383894927,1383891233,'',0,'','','',0,''),(6,'root','根节点','int(10) unsigned NOT NULL ','num','0','该文档的顶级文档编号',0,'',1,0,1,1384508323,1383891233,'',0,'','','',0,''),(7,'pid','所属ID','int(10) unsigned NOT NULL ','num','0','父文档编号',0,'',1,0,1,1384508543,1383891233,'',0,'','','',0,''),(8,'model_id','内容模型ID','tinyint(3) unsigned NOT NULL ','num','0','该文档所对应的模型',0,'',1,0,1,1384508350,1383891233,'',0,'','','',0,''),(9,'type','内容类型','tinyint(3) unsigned NOT NULL ','select','2','',1,'2:主题\r\n',1,0,1,1505896263,1383891233,'',0,'','regex','',0,'function'),(10,'position','推荐位','smallint(5) unsigned NOT NULL ','checkbox','0','多个推荐则将其推荐值相加',1,'4:首页推荐\r\n8:特惠产品\r\n16:云产品',1,0,1,1505983083,1383891233,'',0,'','regex','',0,'function'),(11,'link_id','外链','int(10) unsigned NOT NULL ','num','0','0-非外链，大于0-外链ID,需要函数进行链接与编号的转换',1,'',1,0,1,1383895757,1383891233,'',0,'','','',0,''),(12,'cover_id','封面','int(10) unsigned NOT NULL ','picture','0','0-无封面，大于0-封面图片ID，需要函数处理',1,'',1,0,1,1384147827,1383891233,'',0,'','','',0,''),(13,'display','可见性','tinyint(3) unsigned NOT NULL ','radio','1','',0,'0:不可见\r\n1:所有人可见',1,0,1,1505466732,1383891233,'',0,'','regex','',0,'function'),(14,'deadline','截至时间','int(10) unsigned NOT NULL ','datetime','0','[优惠活动截止时间]',1,'',1,0,1,1505272648,1383891233,'',0,'','regex','',0,'function'),(15,'attach','附件数量','tinyint(3) unsigned NOT NULL ','num','0','',0,'',1,0,1,1387260355,1383891233,'',0,'','regex','',0,'function'),(16,'view','浏览量','int(10) unsigned NOT NULL ','num','0','',1,'',1,0,1,1383895835,1383891233,'',0,'','','',0,''),(17,'comment','评论数','int(10) unsigned NOT NULL ','num','0','',0,'',1,0,1,1505265666,1383891233,'',0,'','regex','',0,'function'),(18,'extend','扩展统计字段','int(10) unsigned NOT NULL ','num','0','根据需求自行使用',0,'',1,0,1,1384508264,1383891233,'',0,'','','',0,''),(19,'level','优先级','int(10) unsigned NOT NULL ','num','0','越高排序越靠前',1,'',1,0,1,1383895894,1383891233,'',0,'','','',0,''),(20,'create_time','创建时间','int(10) unsigned NOT NULL ','datetime','0','',1,'',1,0,1,1383895903,1383891233,'',0,'','','',0,''),(21,'update_time','更新时间','int(10) unsigned NOT NULL ','datetime','0','',0,'',1,0,1,1384508277,1383891233,'',0,'','','',0,''),(22,'status','数据状态','tinyint(4) NOT NULL ','radio','0','',0,'-1:删除\r\n0:禁用\r\n1:正常\r\n2:待审核\r\n3:草稿',1,0,1,1384508496,1383891233,'',0,'','','',0,''),(23,'parse','内容解析类型','tinyint(3) unsigned NOT NULL ','select','0','',0,'0:html\r\n1:ubb\r\n2:markdown',2,0,1,1384511049,1383891243,'',0,'','','',0,''),(24,'content','文章内容','text NOT NULL ','editor','','',1,'',2,0,1,1383896225,1383891243,'',0,'','','',0,''),(25,'template','详情页显示模板','varchar(100) NOT NULL ','string','','参照display方法参数的定义',0,'',2,0,1,1505268794,1383891243,'',0,'','regex','',0,'function'),(26,'bookmark','收藏数','int(10) unsigned NOT NULL ','num','0','',0,'',2,0,1,1505268778,1383891243,'',0,'','regex','',0,'function'),(27,'parse','内容解析类型','tinyint(3) unsigned NOT NULL ','select','0','',0,'0:html\r\n1:ubb\r\n2:markdown',3,0,1,1387260461,1383891252,'',0,'','regex','',0,'function'),(28,'content','下载详细描述','text NOT NULL ','editor','','',1,'',3,0,1,1383896438,1383891252,'',0,'','','',0,''),(29,'template','详情页显示模板','varchar(100) NOT NULL ','string','','',1,'',3,0,1,1383896429,1383891252,'',0,'','','',0,''),(30,'file_id','文件ID','int(10) unsigned NOT NULL ','file','0','需要函数处理',1,'',3,0,1,1383896415,1383891252,'',0,'','','',0,''),(31,'download','下载次数','int(10) unsigned NOT NULL ','num','0','',1,'',3,0,1,1383896380,1383891252,'',0,'','','',0,''),(32,'size','文件大小','bigint(20) unsigned NOT NULL ','num','0','单位bit',1,'',3,0,1,1383896371,1383891252,'',0,'','','',0,''),(33,'title_en','英文名','text NOT NULL','textarea','','',1,'',4,0,1,1500886291,1500886291,'',3,'','regex','',3,'function'),(36,'biaoqian','标签','varchar(6)','string','','【公告填写】',1,'',1,0,1,1506065351,1500961158,'6',3,'','regex','',3,'function'),(47,'price','价格','varchar(255) NOT NULL','string','','',1,'',1,0,1,1502441286,1502441286,'',3,'','regex','',3,'function'),(41,'content','产品概述','text NOT NULL','textarea','','',1,'',5,0,1,1501119655,1501031209,'',3,'','regex','',3,'function'),(40,'introduction','产品简介','text NOT NULL','editor','','',1,'',5,0,1,1501030937,1501030937,'',3,'','regex','',3,'function'),(42,'product','产品图片','int(10) UNSIGNED NOT NULL','picture','','',1,'',2,0,1,1501039410,1501039410,'',3,'','regex','',3,'function'),(43,'ljxg','立即选购','varchar(255) NOT NULL','string','','【此为外链选购地址】',1,'',1,0,1,1506065020,1501049644,'',3,'','regex','',3,'function'),(44,'xptj','选配推荐','varchar(255) NOT NULL','string','','【此为外链购买地址】',1,'',1,0,1,1506064997,1501049671,'',3,'','regex','',3,'function'),(45,'pimage','产品图片','int(10) UNSIGNED NOT NULL','picture','','',1,'',5,0,1,1501549062,1501119728,'',3,'','regex','',3,'function');
/*!40000 ALTER TABLE `o_attribute` ENABLE KEYS */;
UNLOCK TABLES;

--
-- Table structure for table `o_auth_extend`
--

DROP TABLE IF EXISTS `o_auth_extend`;
/*!40101 SET @saved_cs_client     = @@character_set_client */;
/*!40101 SET character_set_client = utf8 */;
CREATE TABLE `o_auth_extend` (
  `group_id` mediumint(10) unsigned NOT NULL COMMENT '用户id',
  `extend_id` mediumint(8) unsigned NOT NULL COMMENT '扩展表中数据的id',
  `type` tinyint(1) unsigned NOT NULL COMMENT '扩展类型标识 1:栏目分类权限;2:模型权限',
  UNIQUE KEY `group_extend_type` (`group_id`,`extend_id`,`type`),
  KEY `uid` (`group_id`),
  KEY `group_id` (`extend_id`)
) ENGINE=MyISAM DEFAULT CHARSET=utf8 COMMENT='用户组与分类的对应关系表';
/*!40101 SET character_set_client = @saved_cs_client */;

--
-- Dumping data for table `o_auth_extend`
--

LOCK TABLES `o_auth_extend` WRITE;
/*!40000 ALTER TABLE `o_auth_extend` DISABLE KEYS */;
INSERT INTO `o_auth_extend` VALUES (1,1,1),(1,1,2),(1,2,1),(1,2,2),(1,3,1),(1,3,2),(1,4,1),(1,37,1);
/*!40000 ALTER TABLE `o_auth_extend` ENABLE KEYS */;
UNLOCK TABLES;

--
-- Table structure for table `o_auth_group`
--

DROP TABLE IF EXISTS `o_auth_group`;
/*!40101 SET @saved_cs_client     = @@character_set_client */;
/*!40101 SET character_set_client = utf8 */;
CREATE TABLE `o_auth_group` (
  `id` mediumint(8) unsigned NOT NULL AUTO_INCREMENT COMMENT '用户组id,自增主键',
  `module` varchar(20) NOT NULL COMMENT '用户组所属模块',
  `type` tinyint(4) NOT NULL COMMENT '组类型',
  `title` char(20) NOT NULL DEFAULT '' COMMENT '用户组中文名称',
  `description` varchar(80) NOT NULL DEFAULT '' COMMENT '描述信息',
  `status` tinyint(1) NOT NULL DEFAULT '1' COMMENT '用户组状态：为1正常，为0禁用,-1为删除',
  `rules` varchar(500) NOT NULL DEFAULT '' COMMENT '用户组拥有的规则id，多个规则 , 隔开',
  PRIMARY KEY (`id`)
) ENGINE=MyISAM AUTO_INCREMENT=3 DEFAULT CHARSET=utf8;
/*!40101 SET character_set_client = @saved_cs_client */;

--
-- Dumping data for table `o_auth_group`
--

LOCK TABLES `o_auth_group` WRITE;
/*!40000 ALTER TABLE `o_auth_group` DISABLE KEYS */;
INSERT INTO `o_auth_group` VALUES (1,'admin',1,'默认用户组','',1,'1,2,7,8,9,10,11,12,13,14,15,16,17,18,19,20,21,22,23,24,25,26,27,28,29,30,31,32,33,34,35,36,37,38,39,40,41,42,43,44,45,46,47,48,49,50,51,52,53,54,55,56,57,58,59,60,61,62,63,64,65,66,67,68,69,70,71,72,73,74,79,80,81,82,83,84,86,87,88,89,90,91,92,93,94,95,96,97,100,102,103,105,106'),(2,'admin',1,'测试用户','测试用户',1,'1,2,5,7,8,9,10,11,12,13,14,15,16,17,18,19,20,21,22,23,24,25,26,27,56,57,58,59,60,61,62,63,64,65,66,67,68,69,70,71,72,73,74,79,80,82,83,84,88,89,90,91,92,93,96,97,100,102,103,195');
/*!40000 ALTER TABLE `o_auth_group` ENABLE KEYS */;
UNLOCK TABLES;

--
-- Table structure for table `o_auth_group_access`
--

DROP TABLE IF EXISTS `o_auth_group_access`;
/*!40101 SET @saved_cs_client     = @@character_set_client */;
/*!40101 SET character_set_client = utf8 */;
CREATE TABLE `o_auth_group_access` (
  `uid` int(10) unsigned NOT NULL COMMENT '用户id',
  `group_id` mediumint(8) unsigned NOT NULL COMMENT '用户组id',
  UNIQUE KEY `uid_group_id` (`uid`,`group_id`),
  KEY `uid` (`uid`),
  KEY `group_id` (`group_id`)
) ENGINE=MyISAM DEFAULT CHARSET=utf8;
/*!40101 SET character_set_client = @saved_cs_client */;

--
-- Dumping data for table `o_auth_group_access`
--

LOCK TABLES `o_auth_group_access` WRITE;
/*!40000 ALTER TABLE `o_auth_group_access` DISABLE KEYS */;
INSERT INTO `o_auth_group_access` VALUES (2,2);
/*!40000 ALTER TABLE `o_auth_group_access` ENABLE KEYS */;
UNLOCK TABLES;

--
-- Table structure for table `o_auth_rule`
--

DROP TABLE IF EXISTS `o_auth_rule`;
/*!40101 SET @saved_cs_client     = @@character_set_client */;
/*!40101 SET character_set_client = utf8 */;
CREATE TABLE `o_auth_rule` (
  `id` mediumint(8) unsigned NOT NULL AUTO_INCREMENT COMMENT '规则id,自增主键',
  `module` varchar(20) NOT NULL COMMENT '规则所属module',
  `type` tinyint(2) NOT NULL DEFAULT '1' COMMENT '1-url;2-主菜单',
  `name` char(80) NOT NULL DEFAULT '' COMMENT '规则唯一英文标识',
  `title` char(20) NOT NULL DEFAULT '' COMMENT '规则中文描述',
  `status` tinyint(1) NOT NULL DEFAULT '1' COMMENT '是否有效(0:无效,1:有效)',
  `condition` varchar(300) NOT NULL DEFAULT '' COMMENT '规则附加条件',
  PRIMARY KEY (`id`),
  KEY `module` (`module`,`status`,`type`)
) ENGINE=MyISAM AUTO_INCREMENT=217 DEFAULT CHARSET=utf8;
/*!40101 SET character_set_client = @saved_cs_client */;

--
-- Dumping data for table `o_auth_rule`
--

LOCK TABLES `o_auth_rule` WRITE;
/*!40000 ALTER TABLE `o_auth_rule` DISABLE KEYS */;
INSERT INTO `o_auth_rule` VALUES (1,'admin',2,'Admin/Index/index','首页',1,''),(2,'admin',2,'Admin/Article/mydocument','内容',1,''),(3,'admin',2,'Admin/User/index','用户',1,''),(4,'admin',2,'Admin/Addons/index','扩展',1,''),(5,'admin',2,'Admin/Config/group','系统',1,''),(7,'admin',1,'Admin/article/add','新增',1,''),(8,'admin',1,'Admin/article/edit','编辑',1,''),(9,'admin',1,'Admin/article/setStatus','改变状态',1,''),(10,'admin',1,'Admin/article/update','保存',1,''),(11,'admin',1,'Admin/article/autoSave','保存草稿',1,''),(12,'admin',1,'Admin/article/move','移动',1,''),(13,'admin',1,'Admin/article/copy','复制',1,''),(14,'admin',1,'Admin/article/paste','粘贴',1,''),(15,'admin',1,'Admin/article/permit','还原',1,''),(16,'admin',1,'Admin/article/clear','清空',1,''),(17,'admin',1,'Admin/article/index','文档列表',1,''),(18,'admin',1,'Admin/article/recycle','回收站',1,''),(19,'admin',1,'Admin/User/addaction','新增用户行为',1,''),(20,'admin',1,'Admin/User/editaction','编辑用户行为',1,''),(21,'admin',1,'Admin/User/saveAction','保存用户行为',1,''),(22,'admin',1,'Admin/User/setStatus','变更行为状态',1,''),(23,'admin',1,'Admin/User/changeStatus?method=forbidUser','禁用会员',1,''),(24,'admin',1,'Admin/User/changeStatus?method=resumeUser','启用会员',1,''),(25,'admin',1,'Admin/User/changeStatus?method=deleteUser','删除会员',1,''),(26,'admin',1,'Admin/User/index','用户信息',1,''),(27,'admin',1,'Admin/User/action','用户行为',1,''),(28,'admin',1,'Admin/AuthManager/changeStatus?method=deleteGroup','删除',1,''),(29,'admin',1,'Admin/AuthManager/changeStatus?method=forbidGroup','禁用',1,''),(30,'admin',1,'Admin/AuthManager/changeStatus?method=resumeGroup','恢复',1,''),(31,'admin',1,'Admin/AuthManager/createGroup','新增',1,''),(32,'admin',1,'Admin/AuthManager/editGroup','编辑',1,''),(33,'admin',1,'Admin/AuthManager/writeGroup','保存用户组',1,''),(34,'admin',1,'Admin/AuthManager/group','授权',1,''),(35,'admin',1,'Admin/AuthManager/access','访问授权',1,''),(36,'admin',1,'Admin/AuthManager/user','成员授权',1,''),(37,'admin',1,'Admin/AuthManager/removeFromGroup','解除授权',1,''),(38,'admin',1,'Admin/AuthManager/addToGroup','保存成员授权',1,''),(39,'admin',1,'Admin/AuthManager/category','分类授权',1,''),(40,'admin',1,'Admin/AuthManager/addToCategory','保存分类授权',1,''),(41,'admin',1,'Admin/AuthManager/index','权限管理',1,''),(42,'admin',1,'Admin/Addons/create','创建',1,''),(43,'admin',1,'Admin/Addons/checkForm','检测创建',1,''),(44,'admin',1,'Admin/Addons/preview','预览',1,''),(45,'admin',1,'Admin/Addons/build','快速生成插件',1,''),(46,'admin',1,'Admin/Addons/config','设置',1,''),(47,'admin',1,'Admin/Addons/disable','禁用',1,''),(48,'admin',1,'Admin/Addons/enable','启用',1,''),(49,'admin',1,'Admin/Addons/install','安装',1,''),(50,'admin',1,'Admin/Addons/uninstall','卸载',1,''),(51,'admin',1,'Admin/Addons/saveconfig','更新配置',1,''),(52,'admin',1,'Admin/Addons/adminList','插件后台列表',1,''),(53,'admin',1,'Admin/Addons/execute','URL方式访问插件',1,''),(54,'admin',1,'Admin/Addons/index','插件管理',1,''),(55,'admin',1,'Admin/Addons/hooks','钩子管理',1,''),(56,'admin',1,'Admin/model/add','新增',1,''),(57,'admin',1,'Admin/model/edit','编辑',1,''),(58,'admin',1,'Admin/model/setStatus','改变状态',1,''),(59,'admin',1,'Admin/model/update','保存数据',1,''),(60,'admin',1,'Admin/Model/index','模型管理',1,''),(61,'admin',1,'Admin/Config/edit','编辑',1,''),(62,'admin',1,'Admin/Config/del','删除',1,''),(63,'admin',1,'Admin/Config/add','新增',1,''),(64,'admin',1,'Admin/Config/save','保存',1,''),(65,'admin',1,'Admin/Config/group','网站设置',1,''),(66,'admin',1,'Admin/Config/index','配置管理',1,''),(67,'admin',1,'Admin/Channel/add','新增',1,''),(68,'admin',1,'Admin/Channel/edit','编辑',1,''),(69,'admin',1,'Admin/Channel/del','删除',1,''),(70,'admin',1,'Admin/Channel/index','导航管理',1,''),(71,'admin',1,'Admin/Category/edit','编辑',1,''),(72,'admin',1,'Admin/Category/add','新增',1,''),(73,'admin',1,'Admin/Category/remove','删除',1,''),(74,'admin',1,'Admin/Category/index','分类管理',1,''),(75,'admin',1,'Admin/file/upload','上传控件',-1,''),(76,'admin',1,'Admin/file/uploadPicture','上传图片',-1,''),(77,'admin',1,'Admin/file/download','下载',-1,''),(94,'admin',1,'Admin/AuthManager/modelauth','模型授权',1,''),(79,'admin',1,'Admin/article/batchOperate','导入',1,''),(80,'admin',1,'Admin/Database/index?type=export','备份数据库',1,''),(81,'admin',1,'Admin/Database/index?type=import','还原数据库',1,''),(82,'admin',1,'Admin/Database/export','备份',1,''),(83,'admin',1,'Admin/Database/optimize','优化表',1,''),(84,'admin',1,'Admin/Database/repair','修复表',1,''),(86,'admin',1,'Admin/Database/import','恢复',1,''),(87,'admin',1,'Admin/Database/del','删除',1,''),(88,'admin',1,'Admin/User/add','新增用户',1,''),(89,'admin',1,'Admin/Attribute/index','属性管理',1,''),(90,'admin',1,'Admin/Attribute/add','新增',1,''),(91,'admin',1,'Admin/Attribute/edit','编辑',1,''),(92,'admin',1,'Admin/Attribute/setStatus','改变状态',1,''),(93,'admin',1,'Admin/Attribute/update','保存数据',1,''),(95,'admin',1,'Admin/AuthManager/addToModel','保存模型授权',1,''),(96,'admin',1,'Admin/Category/move','移动',-1,''),(97,'admin',1,'Admin/Category/merge','合并',-1,''),(98,'admin',1,'Admin/Config/menu','后台菜单管理',-1,''),(99,'admin',1,'Admin/Article/mydocument','内容',-1,''),(100,'admin',1,'Admin/Menu/index','菜单管理',1,''),(101,'admin',1,'Admin/other','其他',-1,''),(102,'admin',1,'Admin/Menu/add','新增',1,''),(103,'admin',1,'Admin/Menu/edit','编辑',1,''),(104,'admin',1,'Admin/Think/lists?model=article','文章管理',-1,''),(105,'admin',1,'Admin/Think/lists?model=download','下载管理',1,''),(106,'admin',1,'Admin/Think/lists?model=config','配置管理',1,''),(107,'admin',1,'Admin/Action/actionlog','行为日志',1,''),(108,'admin',1,'Admin/User/updatePassword','修改密码',1,''),(109,'admin',1,'Admin/User/updateNickname','修改昵称',1,''),(110,'admin',1,'Admin/action/edit','查看行为日志',1,''),(205,'admin',1,'Admin/think/add','新增数据',1,''),(111,'admin',2,'Admin/article/index','文档列表',-1,''),(112,'admin',2,'Admin/article/add','新增',-1,''),(113,'admin',2,'Admin/article/edit','编辑',-1,''),(114,'admin',2,'Admin/article/setStatus','改变状态',-1,''),(115,'admin',2,'Admin/article/update','保存',-1,''),(116,'admin',2,'Admin/article/autoSave','保存草稿',-1,''),(117,'admin',2,'Admin/article/move','移动',-1,''),(118,'admin',2,'Admin/article/copy','复制',-1,''),(119,'admin',2,'Admin/article/paste','粘贴',-1,''),(120,'admin',2,'Admin/article/batchOperate','导入',-1,''),(121,'admin',2,'Admin/article/recycle','回收站',-1,''),(122,'admin',2,'Admin/article/permit','还原',-1,''),(123,'admin',2,'Admin/article/clear','清空',-1,''),(124,'admin',2,'Admin/User/add','新增用户',-1,''),(125,'admin',2,'Admin/User/action','用户行为',-1,''),(126,'admin',2,'Admin/User/addAction','新增用户行为',-1,''),(127,'admin',2,'Admin/User/editAction','编辑用户行为',-1,''),(128,'admin',2,'Admin/User/saveAction','保存用户行为',-1,''),(129,'admin',2,'Admin/User/setStatus','变更行为状态',-1,''),(130,'admin',2,'Admin/User/changeStatus?method=forbidUser','禁用会员',-1,''),(131,'admin',2,'Admin/User/changeStatus?method=resumeUser','启用会员',-1,''),(132,'admin',2,'Admin/User/changeStatus?method=deleteUser','删除会员',-1,''),(133,'admin',2,'Admin/AuthManager/index','权限管理',-1,''),(134,'admin',2,'Admin/AuthManager/changeStatus?method=deleteGroup','删除',-1,''),(135,'admin',2,'Admin/AuthManager/changeStatus?method=forbidGroup','禁用',-1,''),(136,'admin',2,'Admin/AuthManager/changeStatus?method=resumeGroup','恢复',-1,''),(137,'admin',2,'Admin/AuthManager/createGroup','新增',-1,''),(138,'admin',2,'Admin/AuthManager/editGroup','编辑',-1,''),(139,'admin',2,'Admin/AuthManager/writeGroup','保存用户组',-1,''),(140,'admin',2,'Admin/AuthManager/group','授权',-1,''),(141,'admin',2,'Admin/AuthManager/access','访问授权',-1,''),(142,'admin',2,'Admin/AuthManager/user','成员授权',-1,''),(143,'admin',2,'Admin/AuthManager/removeFromGroup','解除授权',-1,''),(144,'admin',2,'Admin/AuthManager/addToGroup','保存成员授权',-1,''),(145,'admin',2,'Admin/AuthManager/category','分类授权',-1,''),(146,'admin',2,'Admin/AuthManager/addToCategory','保存分类授权',-1,''),(147,'admin',2,'Admin/AuthManager/modelauth','模型授权',-1,''),(148,'admin',2,'Admin/AuthManager/addToModel','保存模型授权',-1,''),(149,'admin',2,'Admin/Addons/create','创建',-1,''),(150,'admin',2,'Admin/Addons/checkForm','检测创建',-1,''),(151,'admin',2,'Admin/Addons/preview','预览',-1,''),(152,'admin',2,'Admin/Addons/build','快速生成插件',-1,''),(153,'admin',2,'Admin/Addons/config','设置',-1,''),(154,'admin',2,'Admin/Addons/disable','禁用',-1,''),(155,'admin',2,'Admin/Addons/enable','启用',-1,''),(156,'admin',2,'Admin/Addons/install','安装',-1,''),(157,'admin',2,'Admin/Addons/uninstall','卸载',-1,''),(158,'admin',2,'Admin/Addons/saveconfig','更新配置',-1,''),(159,'admin',2,'Admin/Addons/adminList','插件后台列表',-1,''),(160,'admin',2,'Admin/Addons/execute','URL方式访问插件',-1,''),(161,'admin',2,'Admin/Addons/hooks','钩子管理',-1,''),(162,'admin',2,'Admin/Model/index','模型管理',-1,''),(163,'admin',2,'Admin/model/add','新增',-1,''),(164,'admin',2,'Admin/model/edit','编辑',-1,''),(165,'admin',2,'Admin/model/setStatus','改变状态',-1,''),(166,'admin',2,'Admin/model/update','保存数据',-1,''),(167,'admin',2,'Admin/Attribute/index','属性管理',-1,''),(168,'admin',2,'Admin/Attribute/add','新增',-1,''),(169,'admin',2,'Admin/Attribute/edit','编辑',-1,''),(170,'admin',2,'Admin/Attribute/setStatus','改变状态',-1,''),(171,'admin',2,'Admin/Attribute/update','保存数据',-1,''),(172,'admin',2,'Admin/Config/index','配置管理',-1,''),(173,'admin',2,'Admin/Config/edit','编辑',-1,''),(174,'admin',2,'Admin/Config/del','删除',-1,''),(175,'admin',2,'Admin/Config/add','新增',-1,''),(176,'admin',2,'Admin/Config/save','保存',-1,''),(177,'admin',2,'Admin/Menu/index','菜单管理',-1,''),(178,'admin',2,'Admin/Channel/index','导航管理',-1,''),(179,'admin',2,'Admin/Channel/add','新增',-1,''),(180,'admin',2,'Admin/Channel/edit','编辑',-1,''),(181,'admin',2,'Admin/Channel/del','删除',-1,''),(182,'admin',2,'Admin/Category/index','分类管理',-1,''),(183,'admin',2,'Admin/Category/edit','编辑',-1,''),(184,'admin',2,'Admin/Category/add','新增',-1,''),(185,'admin',2,'Admin/Category/remove','删除',-1,''),(186,'admin',2,'Admin/Category/move','移动',-1,''),(187,'admin',2,'Admin/Category/merge','合并',-1,''),(188,'admin',2,'Admin/Database/index?type=export','备份数据库',-1,''),(189,'admin',2,'Admin/Database/export','备份',-1,''),(190,'admin',2,'Admin/Database/optimize','优化表',-1,''),(191,'admin',2,'Admin/Database/repair','修复表',-1,''),(192,'admin',2,'Admin/Database/index?type=import','还原数据库',-1,''),(193,'admin',2,'Admin/Database/import','恢复',-1,''),(194,'admin',2,'Admin/Database/del','删除',-1,''),(195,'admin',2,'Admin/other','其他',1,''),(196,'admin',2,'Admin/Menu/add','新增',-1,''),(197,'admin',2,'Admin/Menu/edit','编辑',-1,''),(198,'admin',2,'Admin/Think/lists?model=article','应用',-1,''),(199,'admin',2,'Admin/Think/lists?model=download','下载管理',-1,''),(200,'admin',2,'Admin/Think/lists?model=config','应用',-1,''),(201,'admin',2,'Admin/Action/actionlog','行为日志',-1,''),(202,'admin',2,'Admin/User/updatePassword','修改密码',-1,''),(203,'admin',2,'Admin/User/updateNickname','修改昵称',-1,''),(204,'admin',2,'Admin/action/edit','查看行为日志',-1,''),(206,'admin',1,'Admin/think/edit','编辑数据',1,''),(207,'admin',1,'Admin/Menu/import','导入',1,''),(208,'admin',1,'Admin/Model/generate','生成',1,''),(209,'admin',1,'Admin/Addons/addHook','新增钩子',1,''),(210,'admin',1,'Admin/Addons/edithook','编辑钩子',1,''),(211,'admin',1,'Admin/Article/sort','文档排序',1,''),(212,'admin',1,'Admin/Config/sort','排序',1,''),(213,'admin',1,'Admin/Menu/sort','排序',1,''),(214,'admin',1,'Admin/Channel/sort','排序',1,''),(215,'admin',1,'Admin/Category/operate/type/move','移动',1,''),(216,'admin',1,'Admin/Category/operate/type/merge','合并',1,'');
/*!40000 ALTER TABLE `o_auth_rule` ENABLE KEYS */;
UNLOCK TABLES;

--
-- Table structure for table `o_category`
--

DROP TABLE IF EXISTS `o_category`;
/*!40101 SET @saved_cs_client     = @@character_set_client */;
/*!40101 SET character_set_client = utf8 */;
CREATE TABLE `o_category` (
  `id` int(10) unsigned NOT NULL AUTO_INCREMENT COMMENT '分类ID',
  `name` varchar(30) NOT NULL COMMENT '标志',
  `title` varchar(50) NOT NULL COMMENT '标题',
  `pid` int(10) unsigned NOT NULL DEFAULT '0' COMMENT '上级分类ID',
  `sort` int(10) unsigned NOT NULL DEFAULT '0' COMMENT '排序（同级有效）',
  `list_row` tinyint(3) unsigned NOT NULL DEFAULT '10' COMMENT '列表每页行数',
  `meta_title` varchar(50) NOT NULL DEFAULT '' COMMENT 'SEO的网页标题',
  `keywords` varchar(255) NOT NULL DEFAULT '' COMMENT '关键字',
  `description` varchar(255) NOT NULL DEFAULT '' COMMENT '描述',
  `template_index` varchar(100) NOT NULL COMMENT '频道页模板',
  `template_page` varchar(100) DEFAULT NULL,
  `template_lists` varchar(100) NOT NULL COMMENT '列表页模板',
  `template_detail` varchar(100) NOT NULL COMMENT '详情页模板',
  `template_edit` varchar(100) NOT NULL COMMENT '编辑页模板',
  `is_page` int(11) NOT NULL DEFAULT '0',
  `model` varchar(100) NOT NULL DEFAULT '' COMMENT '关联模型',
  `type` varchar(100) NOT NULL DEFAULT '' COMMENT '允许发布的内容类型',
  `link_id` int(10) unsigned NOT NULL DEFAULT '0' COMMENT '外链',
  `allow_publish` tinyint(3) unsigned NOT NULL DEFAULT '0' COMMENT '是否允许发布内容',
  `display` tinyint(3) unsigned NOT NULL DEFAULT '0' COMMENT '可见性',
  `reply` tinyint(3) unsigned NOT NULL DEFAULT '0' COMMENT '是否允许回复',
  `check` tinyint(3) unsigned NOT NULL DEFAULT '0' COMMENT '发布的文章是否需要审核',
  `reply_model` varchar(100) NOT NULL DEFAULT '',
  `extend` text NOT NULL COMMENT '扩展设置',
  `create_time` int(10) unsigned NOT NULL DEFAULT '0' COMMENT '创建时间',
  `update_time` int(10) unsigned NOT NULL DEFAULT '0' COMMENT '更新时间',
  `status` tinyint(4) NOT NULL DEFAULT '0' COMMENT '数据状态',
  `icon` int(10) unsigned NOT NULL DEFAULT '0' COMMENT '分类图标',
  `content` text,
  `urll` varchar(255) DEFAULT NULL,
  PRIMARY KEY (`id`),
  UNIQUE KEY `uk_name` (`name`),
  KEY `pid` (`pid`)
) ENGINE=MyISAM AUTO_INCREMENT=102 DEFAULT CHARSET=utf8 COMMENT='分类表';
/*!40101 SET character_set_client = @saved_cs_client */;

--
-- Dumping data for table `o_category`
--

LOCK TABLES `o_category` WRITE;
/*!40000 ALTER TABLE `o_category` DISABLE KEYS */;
INSERT INTO `o_category` VALUES (39,'banner','banner管理',0,3,10,'','','','',NULL,'','','',0,'4','2',0,1,1,1,0,'','',1500886407,1501041980,1,0,NULL,NULL),(40,'indexb','首页banner',39,0,10,'','','','',NULL,'','','',0,'4','2',0,1,1,1,0,'','',1500886429,1500886429,1,0,NULL,NULL),(41,'nav','导航栏目',0,0,10,'','','','',NULL,'','','',0,'','',0,0,1,1,0,'','',1500888363,1500888363,1,0,NULL,NULL),(42,'youhui','优惠活动',41,0,10,'','','','list_you','','list_you','product','',0,'2','2',0,1,1,1,0,'','',1500888395,1501491515,1,0,'',''),(43,'jiameng','加盟合作',41,0,10,'','','','','jiameng','','','',1,'','2',0,0,1,1,0,'','',1500888412,1501034365,1,0,'云服务器Elastic Compute Service(ECS)是阿里云提供的一种基础云计算服务。使用云服务器ECS就像使用水、电、煤气等资源一样便捷、高效。您无需提前采购硬件设备，而是根据业务需要，随时创建所需数量的云服务器实例，并在使用过程中，随着业务的扩展，对云服务器进行扩容磁盘、增加宽带。如果不再需要云服务器，也可以方便的释放资源，节省费用。<br />\r\n<br />\r\n云服务器ECS实例是一个虚拟的计算环境，包含了CPU、内存、操作系统、磁盘、带宽等最基础的服务器组件，是ECS提供给每个用户的操作实体。一个实例就等同于一台虚拟机，您对所创建的实例拥有管理员权限，可以随时登录进行使用和管理。您可以在实例上进行基本操作，如挂载磁盘、创建快照、创建镜像，部署环境等。<br />\r\n<div>\r\n	<br />\r\n</div>\r\n云服务器Elastic Compute Service(ECS)是阿里云提供的一种基础云计算服务。使用云服务器ECS就像使用水、电、煤气等资源一样便捷、高效。您无需提前采购硬件设备，而是根据业务需要，随时创建所需数量的云服务器实例，并在使用过程中，随着业务的扩展，对云服务器进行扩容磁盘、增加宽带。如果不再需要云服务器，也可以方便的释放资源，节省费用。<br />\r\n<br />\r\n云服务器ECS实例是一个虚拟的计算环境，包含了CPU、内存、操作系统、磁盘、带宽等最基础的服务器组件，是ECS提供给每个用户的操作实体。一个实例就等同于一台虚拟机，您对所创建的实例拥有管理员权限，可以随时登录进行使用和管理。您可以在实例上进行基本操作，如挂载磁盘、创建快照、创建镜像，部署环境等。<br />\r\n<div>\r\n	<br />\r\n</div>\r\n云服务器Elastic Compute Service(ECS)是阿里云提供的一种基础云计算服务。使用云服务器ECS就像使用水、电、煤气等资源一样便捷、高效。您无需提前采购硬件设备，而是根据业务需要，随时创建所需数量的云服务器实例，并在使用过程中，随着业务的扩展，对云服务器进行扩容磁盘、增加宽带。如果不再需要云服务器，也可以方便的释放资源，节省费用。<br />\r\n<br />\r\n云服务器ECS实例是一个虚拟的计算环境，包含了CPU、内存、操作系统、磁盘、带宽等最基础的服务器组件，是ECS提供给每个用户的操作实体。一个实例就等同于一台虚拟机，您对所创建的实例拥有管理员权限，可以随时登录进行使用和管理。您可以在实例上进行基本操作，如挂载磁盘、创建快照、创建镜像，部署环境等。<br />\r\n<div>\r\n	<br />\r\n</div>',NULL),(44,'shangpin','商品资讯',41,0,10,'','','','lists','','lists','show_gonggao','',0,'2','2',0,1,1,1,0,'','',1500888426,1501036192,1,0,'',NULL),(45,'shumeng','数梦学院',41,0,10,'','','','','','','','',0,'2','2',0,1,1,1,0,'','',1500888445,1501117157,1,0,'',''),(46,'dingjia','定价方案',41,0,10,'','','','','','','','',1,'','2',0,0,1,1,0,'','',1500888462,1501037298,1,0,'云服务器Elastic Compute Service(ECS)是阿里云提供的一种基础云计算服务。使用云服务器ECS就像使用水、电、煤气等资源一样便捷、高效。您无需提前采购硬件设备，而是根据业务需要，随时创建所需数量的云服务器实例，并在使用过程中，随着业务的扩展，对云服务器进行扩容磁盘、增加宽带。如果不再需要云服务器，也可以方便的释放资源，节省费用。<br />\r\n<br />\r\n云服务器ECS实例是一个虚拟的计算环境，包含了CPU、内存、操作系统、磁盘、带宽等最基础的服务器组件，是ECS提供给每个用户的操作实体。一个实例就等同于一台虚拟机，您对所创建的实例拥有管理员权限，可以随时登录进行使用和管理。您可以在实例上进行基本操作，如挂载磁盘、创建快照、创建镜像，部署环境等。<br />\r\n<br />\r\n云服务器Elastic Compute Service(ECS)是阿里云提供的一种基础云计算服务。使用云服务器ECS就像使用水、电、煤气等资源一样便捷、高效。您无需提前采购硬件设备，而是根据业务需要，随时创建所需数量的云服务器实例，并在使用过程中，随着业务的扩展，对云服务器进行扩容磁盘、增加宽带。如果不再需要云服务器，也可以方便的释放资源，节省费<br />',NULL),(47,'pronav','产品分类',0,1,10,'','','','',NULL,'','','',0,'','',0,1,1,1,0,'','',1500888507,1501041975,1,0,NULL,NULL),(48,'tanxing','弹性计算',47,0,10,'','','','',NULL,'','','',0,'2','2,1,3',0,1,1,1,0,'','',1500888522,1500945923,1,0,NULL,NULL),(49,'wangluo','网络产品',47,1,10,'','','','',NULL,'','','',0,'','',0,1,1,1,0,'','',1500888539,1500888724,1,0,NULL,NULL),(50,'cunchu','存储产品',47,2,10,'','','','',NULL,'','','',0,'','',0,1,1,1,0,'','',1500888560,1500888730,1,0,NULL,NULL),(51,'shujuku','数据库产品',47,3,10,'','','','',NULL,'','','',0,'','',0,1,1,1,0,'','',1500888574,1500888741,1,0,NULL,NULL),(52,'anquan','安全产品',47,4,10,'','','','',NULL,'','','',0,'','',0,1,1,1,0,'','',1500888586,1500888748,1,0,NULL,NULL),(53,'peixun','培训课程',47,5,10,'','','','',NULL,'','','',0,'','',0,1,1,1,0,'','',1500888601,1500888754,1,0,NULL,NULL),(54,'renzheng','认证考试',47,6,10,'','','','',NULL,'','','',0,'','',0,1,1,1,0,'','',1500888615,1500888759,1,0,NULL,NULL),(55,'ESC','阿里云服务ECS',48,0,10,'','','云服务器Elastic Compute Service(ECS)是阿里云提供的一种基础云计算服务。使用云服务器ECS就像使用水、电、煤气等资源一样便捷、高效。您无需提前采购硬件设备，而是根据业务需要，随时创建所需数量的云服务器实例，并在使用过程中，随着业务的扩展，对云服务器进行扩容磁盘、增加宽带。如果不再需要云服务器，也可以方便的释放资源，节省费用。云服务器ECS实例是一个虚拟的计算环境，包含了CPU、内存、操作系统、磁盘','','','','product','',0,'2','2,1,3',0,1,1,1,0,'','',1500888814,1506048326,1,0,'云服务器Elastic Compute Service(ECS)是阿里云提供的一种基础云计算服务。使用云服务器ECS就像使用水、电、煤气等资源一样便捷、高效。您无需提前采购硬件设备，而是根据业务需要，随时创建所需数量的云服务器实例，并在使用过程中，随着业务的扩展，对云服务器进行扩容磁盘、增加宽带。如果不再需要云服务器，也可以方便的释放资源，节省费用。云服务器ECS实例是一个虚拟的计算环境，包含了CPU、内存、操作系统、磁盘云服务器Elastic Compute Service(ECS)是阿里云提供的一种基础云计算服务。使用云服务器ECS就像使用水、电、煤气等资源一样便捷、高效。您无需提前采购硬件设备，而是根据业务需要，随时创建所需数量的云服务器实例，并在使用过程中，随着业务的扩展，对云服务器进行扩容磁盘、增加宽带。如果不再需要云服务器，也可以方便的释放资源，节省费用。云服务器ECS实例是一个虚拟的计算环境，包含了CPU、内存、操作系统、磁盘云服务器Elastic Compute Service(ECS)是阿里云提供的一种基础云计算服务。使用云服务器ECS就像使用水、电、煤气等资源一样便捷、高效。您无需提前采购硬件设备，而是根据业务需要，随时创建所需数量的云服务器实例，并在使用过程中，随着业务的扩展，对云服务器进行扩容磁盘、增加宽带。如果不再需要云服务器，也可以方便的释放资源，节省费用。云服务器ECS实例是一个虚拟的计算环境，包含了CPU、内存、操作系统、磁盘',NULL),(56,'huoesc','活云服务ECS ',48,0,10,'','','云服务器Elastic Compute Service(ECS)是阿里云提供的一种基础云计算服务。使用云服务器ECS就像使用水、电、煤气等资源一样便捷、高效。您无需提前采购硬件设备，而是根据业务需要，随时创建所需数量的云服务器实例，并在使用过程中，随着业务的扩展，对云服务器进行扩容磁盘、增加宽带。如果不再需要云服务器，也可以方便的释放资源，节省费用。云服务器ECS实例是一个虚拟的计算环境，包含了CPU、内存、操作系统、磁盘','','','','product','',0,'2','2,1,3',0,1,1,1,0,'','',1500888835,1501038336,1,4,'云服务器Elastic Compute Service(ECS)是阿里云提供的一种基础云计算服务。使用云服务器ECS就像使用水、电、煤气等资源一样便捷、高效。您无需提前采购硬件设备，而是根据业务需要，随时创建所需数量的云服务器实例，并在使用过程中，随着业务的扩展，对云服务器进行扩容磁盘、增加宽带。如果不再需要云服务器，也可以方便的释放资源，节省费用。云服务器ECS实例是一个虚拟的计算环境，包含了CPU、内存、操作系统、磁盘',NULL),(57,'zhuanyou','专有网络VPC',49,0,10,'','','云服务器Elastic Compute Service(ECS)是阿里云提供的一种基础云计算服务。使用云服务器ECS就像使用水、电、煤气等资源一样便捷、高效。您无需提前采购硬件设备，而是根据业务需要，随时创建所需数量的云服务器实例，并在使用过程中，随着业务的扩展，对云服务器进行扩容磁盘、增加宽带。如果不再需要云服务器，也可以方便的释放资源，节省费用。云服务器ECS实例是一个虚拟的计算环境，包含了CPU、内存、操作系统、磁盘','','','','product','',0,'2','2,1,3',0,1,1,1,0,'','',1500888884,1501039726,1,0,'云服务器Elastic Compute Service(ECS)是阿里云提供的一种基础云计算服务。使用云服务器ECS就像使用水、电、煤气等资源一样便捷、高效。您无需提前采购硬件设备，而是根据业务需要，随时创建所需数量的云服务器实例，并在使用过程中，随着业务的扩展，对云服务器进行扩容磁盘、增加宽带。如果不再需要云服务器，也可以方便的释放资源，节省费用。云服务器ECS实例是一个虚拟的计算环境，包含了CPU、内存、操作系统、磁盘云服务器Elastic Compute Service(ECS)是阿里云提供的一种基础云计算服务。使用云服务器ECS就像使用水、电、煤气等资源一样便捷、高效。您无需提前采购硬件设备，而是根据业务需要，随时创建所需数量的云服务器实例，并在使用过程中，随着业务的扩展，对云服务器进行扩容磁盘、增加宽带。如果不再需要云服务器，也可以方便的释放资源，节省费用。云服务器ECS实例是一个虚拟的计算环境，包含了CPU、内存、操作系统、磁盘云服务器Elastic Compute Service(ECS)是阿里云提供的一种基础云计算服务。使用云服务器ECS就像使用水、电、煤气等资源一样便捷、高效。您无需提前采购硬件设备，而是根据业务需要，随时创建所需数量的云服务器实例，并在使用过程中，随着业务的扩展，对云服务器进行扩容磁盘、增加宽带。如果不再需要云服务器，也可以方便的释放资源，节省费用。云服务器ECS实例是一个虚拟的计算环境，包含了CPU、内存、操作系统、磁盘',NULL),(58,'fuzai','负载均衡SLB',49,0,10,'','','云服务器Elastic Compute Service(ECS)是阿里云提供的一种基础云计算服务。使用云服务器ECS就像使用水、电、煤气等资源一样便捷、高效。您无需提前采购硬件设备，而是根据业务需要，随时创建所需数量的云服务器实例，并在使用过程中，随着业务的扩展，对云服务器进行扩容磁盘、增加宽带。如果不再需要云服务器，也可以方便的释放资源，节省费用。云服务器ECS实例是一个虚拟的计算环境，包含了CPU、内存、操作系统、磁盘云服务器Elastic Compute Service(ECS)是阿里云提供的一种基','','','','product','',0,'2','2,1,3',0,1,1,1,0,'','',1500888901,1501039737,1,0,'云服务器Elastic Compute Service(ECS)是阿里云提供的一种基础云计算服务。使用云服务器ECS就像使用水、电、煤气等资源一样便捷、高效。您无需提前采购硬件设备，而是根据业务需要，随时创建所需数量的云服务器实例，并在使用过程中，随着业务的扩展，对云服务器进行扩容磁盘、增加宽带。如果不再需要云服务器，也可以方便的释放资源，节省费用。云服务器ECS实例是一个虚拟的计算环境，包含了CPU、内存、操作系统、磁盘云服务器Elastic Compute Service(ECS)是阿里云提供的一种基础云计算服务。使用云服务器ECS就像使用水、电、煤气等资源一样便捷、高效。您无需提前采购硬件设备，而是根据业务需要，随时创建所需数量的云服务器实例，并在使用过程中，随着业务的扩展，对云服务器进行扩容磁盘、增加宽带。如果不再需要云服务器，也可以方便的释放资源，节省费用。云服务器ECS实例是一个虚拟的计算环境，包含了CPU、内存、操作系统、磁盘',NULL),(59,'tanxingip','弹性公网IP',49,0,10,'','','云服务器Elastic Compute Service(ECS)是阿里云提供的一种基础云计算服务。使用云服务器ECS就像使用水、电、煤气等资源一样便捷、高效。您无需提前采购硬件设备，而是根据业务需要，随时创建所需数量的云服务器实例，并在使用过程中，随着业务的扩展，对云服务器进行扩容磁盘、增加宽带。如果不再需要云服务器，也可以方便的释放资源，节省费用。云服务器ECS实例是一个虚拟的计算环境，包含了CPU、内存、操作系统、磁盘','','','','product','',0,'2','2,1,3',0,1,1,1,0,'','',1500888922,1501039747,1,0,'云服务器Elastic Compute Service(ECS)是阿里云提供的一种基础云计算服务。使用云服务器ECS就像使用水、电、煤气等资源一样便捷、高效。您无需提前采购硬件设备，而是根据业务需要，随时创建所需数量的云服务器实例，并在使用过程中，随着业务的扩展，对云服务器进行扩容磁盘、增加宽带。如果不再需要云服务器，也可以方便的释放资源，节省费用。云服务器ECS实例是一个虚拟的计算环境，包含了CPU、内存、操作系统、磁盘云服务器Elastic Compute Service(ECS)是阿里云提供的一种基础云计算服务。使用云服务器ECS就像使用水、电、煤气等资源一样便捷、高效。您无需提前采购硬件设备，而是根据业务需要，随时创建所需数量的云服务器实例，并在使用过程中，随着业务的扩展，对云服务器进行扩容磁盘、增加宽带。如果不再需要云服务器，也可以方便的释放资源，节省费用。云服务器ECS实例是一个虚拟的计算环境，包含了CPU、内存、操作系统、磁盘',NULL),(60,'CDN','CDN',49,0,10,'','','云服务器Elastic Compute Service(ECS)是阿里云提供的一种基础云计算服务。使用云服务器ECS就像使用水、电、煤气等资源一样便捷、高效。您无需提前采购硬件设备，而是根据业务需要，随时创建所需数量的云服务器实例，并在使用过程中，随着业务的扩展，对云服务器进行扩容磁盘、增加宽带。如果不再需要云服务器，也可以方便的释放资源，节省费用。云服务器ECS实例是一个虚拟的计算环境，包含了CPU、内存、操作系统、磁盘','','','','product','',0,'2','2,1,3',0,1,1,1,0,'','',1500888935,1501039757,1,0,'云服务器Elastic Compute Service(ECS)是阿里云提供的一种基础云计算服务。使用云服务器ECS就像使用水、电、煤气等资源一样便捷、高效。您无需提前采购硬件设备，而是根据业务需要，随时创建所需数量的云服务器实例，并在使用过程中，随着业务的扩展，对云服务器进行扩容磁盘、增加宽带。如果不再需要云服务器，也可以方便的释放资源，节省费用。云服务器ECS实例是一个虚拟的计算环境，包含了CPU、内存、操作系统、磁盘云服务器Elastic Compute Service(ECS)是阿里云提供的一种基础云计算服务。使用云服务器ECS就像使用水、电、煤气等资源一样便捷、高效。您无需提前采购硬件设备，而是根据业务需要，随时创建所需数量的云服务器实例，并在使用过程中，随着业务的扩展，对云服务器进行扩容磁盘、增加宽带。如果不再需要云服务器，也可以方便的释放资源，节省费用。云服务器ECS实例是一个虚拟的计算环境，包含了CPU、内存、操作系统、磁盘',NULL),(61,'duixiang','对象存储OSS',50,0,10,'','','','','','','product','',0,'2','2,1,3',0,1,1,1,0,'','',1500888951,1501039776,1,0,'',NULL),(62,'guanxirds','关系型数据库RDS',51,0,10,'','','','','','','product','',0,'2','2,1,3',0,1,1,1,0,'','',1500888967,1501039786,1,0,'',NULL),(63,'ddos','DDoS高防IP',52,3,10,'','','','','','','product','',0,'2','2,1,3',0,1,1,1,0,'','',1500888980,1501039838,1,0,'',NULL),(64,'web','web应用防火墙',52,2,10,'','','','','','','product','',0,'2','2,1,3',0,1,1,1,0,'','',1500888994,1501039828,1,0,'',NULL),(65,'anqishi','安骑士',52,1,10,'','','','','','','product','',0,'2','2',0,1,1,1,0,'','',1500889007,1501039818,1,0,'',NULL),(66,'taishiganzhi','态势感知',52,0,10,'','','','','','','product','',0,'2','2',0,1,1,1,0,'','',1500889023,1501039805,1,0,'',NULL),(67,'yunjisuan','云计算课程',53,0,10,'','','','list_ke','','list_ke','show_ke','',0,'5','2',0,1,1,1,0,'','',1500889060,1501121270,1,0,'',''),(68,'dashuju','大数据课程',53,0,10,'','','','list_ke','','list_ke','show_ke','',0,'5','2',0,1,1,1,0,'','',1500889073,1501121256,1,0,'',''),(69,'aliyun','阿里云弹性计算产品解析与实战',54,0,10,'','','','list_ke','','list_ke','show_ke','',0,'5','2',0,1,1,1,0,'','',1500889091,1501121280,1,0,'',''),(70,'shizhan','阿里云产品解决方案基础解析与实战',54,0,10,'','','','list_ke','','list_ke','show_ke','',0,'5','2',0,1,1,1,0,'','',1500889113,1501121291,1,0,'',''),(71,'shouyebankuan','首页板块',0,2,10,'','','','','','','','',0,'2','2',0,0,1,0,0,'','',1500955933,1501041978,1,0,'',NULL),(72,'toutiao','头条',71,0,10,'','','','lists','','lists','show_gonggao','',0,'2','2,1,3',0,1,1,0,0,'','',1500956104,1500974273,1,0,'',NULL),(73,'gonggao','公告',71,1,10,'','','','list_gonggao','','list_gonggao','show_gonggao','',0,'2','2,1,3',0,1,1,0,0,'','',1500956822,1501051460,1,0,'',NULL),(75,'kaifazhe','开发者课堂',71,2,10,'','','','kaifazhe','','kaifazhe','kaifazhe_show','',0,'5','2,1,3',0,1,1,0,0,'','',1500977971,1502355486,1,26,'',''),(76,'mengji','数梦工场案例集',71,3,10,'','','','lists','','lists','show_gonggao','',0,'2','2',0,1,1,0,0,'','',1501040830,1502355516,1,27,'',''),(77,'dnav','底部导航',0,5,10,'','','','','','','','',0,'','',0,0,1,0,0,'','',1501042022,1501042022,1,0,'',NULL),(78,'jiejue','解决方案',77,0,10,'','','','','','','','',0,'','',0,0,1,0,0,'','',1501042083,1501042083,1,0,'',NULL),(79,'hangye','行业解决方案',78,0,10,'','','','','','','','',1,'','',0,0,1,0,0,'','',1501042142,1501042142,1,0,'云服务器Elastic Compute Service(ECS)是阿里云提供的一种基础云计算服务。使用云服务器ECS就像使用水、电、煤气等资源一样便捷、高效。您无需提前采购硬件设备，而是根据业务需要，随时创建所需数量的云服务器实例，并在使用过程中，随着业务的扩展，对云服务器进行扩容磁盘、增加宽带。如果不再需要云服务器，也可以方便的释放资源，节省费用。<br />\r\n<br />\r\n云服务器ECS实例是一个虚拟的计算环境，包含了CPU、内存、操作系统、磁盘、带宽等最基础的服务器组件，是ECS提供给每个用户的操作实体。一个实例就等同于一台虚拟机，您对所创建的实例拥有管理员权限，可以随时登录进行使用和管理。您可以在实例上进行基本操作，如挂载磁盘、创建快照、创建镜像，部署环境等。<br />\r\n云服务器Elastic Compute Service(ECS)是阿里云提供的一种基础云计算服务。使用云服务器ECS就像使用水、电、煤气等资源一样便捷、高效。您无需提前采购硬件设备，而是根据业务需要，随时创建所需数量的云服务器实例，并在使用过程中，随着业务的扩展，对云服务器进行扩容磁盘、增加宽带。如果不再需要云服务器，也可以方便的释放资源，节省费用。<br />\r\n<br />\r\n云服务器ECS实例是一个虚拟的计算环境，包含了CPU、内存、操作系统、磁盘、带宽等最基础的服务器组件，是ECS提供给每个用户的操作实体。一个实例就等同于一台虚拟机，您对所创建的实例拥有管理员权限，可以随时登录进行使用和管理。您可以在实例上进行基本操作，如挂载磁盘、创建快照、创建镜像，部署环境等。<br />',NULL),(80,'hunheyun','混合云解决方案',78,1,10,'','','','','','','','',1,'','',0,0,1,0,0,'','',1501042183,1501042194,1,0,'云服务器Elastic Compute Service(ECS)是阿里云提供的一种基础云计算服务。使用云服务器ECS就像使用水、电、煤气等资源一样便捷、高效。您无需提前采购硬件设备，而是根据业务需要，随时创建所需数量的云服务器实例，并在使用过程中，随着业务的扩展，对云服务器进行扩容磁盘、增加宽带。如果不再需要云服务器，也可以方便的释放资源，节省费用。<br />\r\n<br />\r\n云服务器ECS实例是一个虚拟的计算环境，包含了CPU、内存、操作系统、磁盘、带宽等最基础的服务器组件，是ECS提供给每个用户的操作实体。一个实例就等同于一台虚拟机，您对所创建的实例拥有管理员权限，可以随时登录进行使用和管理。您可以在实例上进行基本操作，如挂载磁盘、创建快照、创建镜像，部署环境等。<br />\r\n云服务器Elastic Compute Service(ECS)是阿里云提供的一种基础云计算服务。使用云服务器ECS就像使用水、电、煤气等资源一样便捷、高效。您无需提前采购硬件设备，而是根据业务需要，随时创建所需数量的云服务器实例，并在使用过程中，随着业务的扩展，对云服务器进行扩容磁盘、增加宽带。如果不再需要云服务器，也可以方便的释放资源，节省费用。<br />\r\n<br />\r\n云服务器ECS实例是一个虚拟的计算环境，包含了CPU、内存、操作系统、磁盘、带宽等最基础的服务器组件，是ECS提供给每个用户的操作实体。一个实例就等同于一台虚拟机，您对所创建的实例拥有管理员权限，可以随时登录进行使用和管理。您可以在实例上进行基本操作，如挂载磁盘、创建快照、创建镜像，部署环境等。<br />\r\n云服务器Elastic Compute Service(ECS)是阿里云提供的一种基础云计算服务。使用云服务器ECS就像使用水、电、煤气等资源一样便捷、高效。您无需提前采购硬件设备，而是根据业务需要，随时创建所需数量的云服务器实例，并在使用过程中，随着业务的扩展，对云服务器进行扩容磁盘、增加宽带。如果不再需要云服务器，也可以方便的释放资源，节省费用。<br />\r\n<br />\r\n云服务器ECS实例是一个虚拟的计算环境，包含了CPU、内存、操作系统、磁盘、带宽等最基础的服务器组件，是ECS提供给每个用户的操作实体。一个实例就等同于一台虚拟机，您对所创建的实例拥有管理员权限，可以随时登录进行使用和管理。您可以在实例上进行基本操作，如挂载磁盘、创建快照、创建镜像，部署环境等。<br />',NULL),(81,'yunanquan','云安全解决方案',78,2,10,'','','','','','','','',1,'','',0,0,1,0,0,'','',1501042220,1501042525,1,0,'云服务器Elastic Compute Service(ECS)是阿里云提供的一种基础云计算服务。使用云服务器ECS就像使用水、电、煤气等资源一样便捷、高效。您无需提前采购硬件设备，而是根据业务需要，随时创建所需数量的云服务器实例，并在使用过程中，随着业务的扩展，对云服务器进行扩容磁盘、增加宽带。如果不再需要云服务器，也可以方便的释放资源，节省费用。<br />\r\n<br />\r\n<p>\r\n	云服务器ECS实例是一个虚拟的计算环境，包含了CPU、内存、操作系统、磁盘、带宽等最基础的服务器组件，是ECS提供给每个用户的操作实体。一个实例就等同于一台虚拟机，您对所创建的实例拥有管理员权限，可以随时登录进行使用和管理。您可以在实例上进行基本操作，如挂载磁盘、创建快照、创建镜像，部署环境等。\r\n</p>\r\n<p>\r\n	云服务器Elastic Compute Service(ECS)是阿里云提供的一种基础云计算服务。使用云服务器ECS就像使用水、电、煤气等资源一样便捷、高效。您无需提前采购硬件设备，而是根据业务需要，随时创建所需数量的云服务器实例，并在使用过程中，随着业务的扩展，对云服务器进行扩容磁盘、增加宽带。如果不再需要云服务器，也可以方便的释放资源，节省费用。<br />\r\n<br />\r\n云服务器ECS实例是一个虚拟的计算环境，包含了CPU、内存、操作系统、磁盘、带宽等最基础的服务器组件，是ECS提供给每个用户的操作实体。一个实例就等同于一台虚拟机，您对所创建的实例拥有管理员权限，可以随时登录进行使用和管理。您可以在实例上进行基本操作，如挂载磁盘、创建快照、创建镜像，部署环境等。\r\n</p>\r\n<p>\r\n	云服务器Elastic Compute Service(ECS)是阿里云提供的一种基础云计算服务。使用云服务器ECS就像使用水、电、煤气等资源一样便捷、高效。您无需提前采购硬件设备，而是根据业务需要，随时创建所需数量的云服务器实例，并在使用过程中，随着业务的扩展，对云服务器进行扩容磁盘、增加宽带。如果不再需要云服务器，也可以方便的释放资源，节省费用。<br />\r\n<br />\r\n云服务器ECS实例是一个虚拟的计算环境，包含了CPU、内存、操作系统、磁盘、带宽等最基础的服务器组件，是ECS提供给每个用户的操作实体。一个实例就等同于一台虚拟机，您对所创建的实例拥有管理员权限，可以随时登录进行使用和管理。您可以在实例上进行基本操作，如挂载磁盘、创建快照、创建镜像，部署环境等。<br />\r\n<br />\r\n</p>',NULL),(82,'fuwu','服务支持',77,0,10,'','','','','','','','',0,'','',0,0,1,0,0,'','',1501042300,1501042300,1,0,'',NULL),(83,'cjwt','常见问题',82,0,10,'','','','list_api','','list_api','show_api','',0,'2','2',0,1,1,0,0,'','',1501042383,1501046687,1,0,'',NULL),(84,'bzwd','帮助文档',82,1,10,'','','','list_api','','list_api','show_api','',0,'2','2',0,1,1,0,0,'','',1501042455,1501046699,1,0,'',NULL),(85,'api','API',82,2,10,'','','','list_api','','list_api','show_api','',0,'2','2',0,1,1,0,0,'','',1501042476,1501046708,1,0,'',NULL),(86,'xwdt','新闻动态',77,0,10,'','','','','','','','',0,'','',0,0,1,0,0,'','',1501046989,1501046989,1,0,'',NULL),(87,'gsxw','公司新闻',86,0,10,'','','','news_list','','news_list','news_show','',0,'2','2',0,1,1,0,0,'','',1501047044,1501047330,1,0,'',NULL),(88,'hyxw','行业新闻',86,1,10,'','','','news_list','','news_list','news_show','',0,'2','2',0,1,1,0,0,'','',1501047069,1501047354,1,0,'',NULL),(89,'zczy','政策指引',86,3,10,'','','','news_list','','news_list','news_show','',0,'2','2',0,1,1,0,0,'','',1501047093,1501047379,1,0,'',NULL),(90,'lxwm','联系我们',77,0,10,'','','','','','','','',1,'','2',0,0,1,0,0,'','',1501048894,1501049291,1,0,'<ul class=\"contact clearBoth\" style=\"color:#666666;font-family:微软雅黑;font-size:14px;\">\r\n	<li style=\"font-size:13px;color:#707070;\">\r\n		<div class=\"title\" style=\"margin:0px 0px 12px;padding:0px;font-size:25px;color:#00ADE7;\">\r\n			市场部\r\n		</div>\r\n		<p>\r\n			联系电话：010-64828803<br />\r\n公司传真：010-684828803<br />\r\n联系邮箱：myhz@mingyang100.com<br />\r\n联 系 人：李经理\r\n		</p>\r\n	</li>\r\n	<li style=\"font-size:13px;color:#707070;\">\r\n		<div class=\"title\" style=\"margin:0px 0px 12px;padding:0px;font-size:25px;color:#00ADE7;\">\r\n			市场部\r\n		</div>\r\n		<p>\r\n			联系电话：010-64828803<br />\r\n公司传真：010-684828803<br />\r\n联系邮箱：myhz@mingyang100.com<br />\r\n联 系 人：李经理\r\n		</p>\r\n	</li>\r\n	<li style=\"font-size:13px;color:#707070;\">\r\n		<div class=\"title\" style=\"margin:0px 0px 12px;padding:0px;font-size:25px;color:#00ADE7;\">\r\n			市场部\r\n		</div>\r\n		<p>\r\n			联系电话：010-64828803<br />\r\n公司传真：010-684828803<br />\r\n联系邮箱：myhz@mingyang100.com<br />\r\n联 系 人：李经理\r\n		</p>\r\n	</li>\r\n</ul>\r\n<br/>\r\n<br/>\r\n<img src=\"/Uploads/Editor/2017-07-26/5978313b06855.jpg\" alt=\"\" />',NULL),(91,'wddd','我的订单',71,4,10,'','','','','','','','',2,'','2',0,0,1,0,0,'','',1501051507,1501053318,1,0,'','http://www.baidu.com'),(92,'wdsm','我的数梦',71,5,10,'','','','','','','','',2,'','',0,0,1,0,0,'','',1501053369,1501053440,1,0,'','http://www.sina.com.cn'),(93,'kfzx','客服中心',71,6,10,'','','','','','','','',1,'','',0,0,1,0,0,'','',1501053471,1501053486,1,0,'客服中心简介',''),(94,'hzfw','合作服务',71,7,10,'','','','','','','','',1,'','',0,0,1,0,0,'','',1501053505,1501053573,1,0,'合作服务简介',''),(95,'ghzx','规划中心',71,8,10,'','','','','','','','',1,'','',0,0,1,0,0,'','',1501053528,1501053584,1,0,'规划中心简介',''),(96,'gywm','关于我们',71,9,10,'','','','','','','','',1,'','',0,0,1,0,0,'','',1501053547,1501053589,1,0,'关于我们简介',''),(97,'peiren','培训课程和认证考试',42,0,10,'','','','list_you','','list_you','product','',0,'2','2,1,3',0,1,1,0,0,'','',1501489569,1501549101,1,0,'',''),(98,'yunchanpin','云产品',42,0,10,'','','','list_you','','list_you','product','',0,'2','2,1,3',0,1,1,0,0,'','',1501489615,1501549110,1,0,'','');
/*!40000 ALTER TABLE `o_category` ENABLE KEYS */;
UNLOCK TABLES;

--
-- Table structure for table `o_channel`
--

DROP TABLE IF EXISTS `o_channel`;
/*!40101 SET @saved_cs_client     = @@character_set_client */;
/*!40101 SET character_set_client = utf8 */;
CREATE TABLE `o_channel` (
  `id` int(10) unsigned NOT NULL AUTO_INCREMENT COMMENT '频道ID',
  `pid` int(10) unsigned NOT NULL DEFAULT '0' COMMENT '上级频道ID',
  `title` char(30) NOT NULL COMMENT '频道标题',
  `url` char(100) NOT NULL COMMENT '频道连接',
  `sort` int(10) unsigned NOT NULL DEFAULT '0' COMMENT '导航排序',
  `create_time` int(10) unsigned NOT NULL DEFAULT '0' COMMENT '创建时间',
  `update_time` int(10) unsigned NOT NULL DEFAULT '0' COMMENT '更新时间',
  `status` tinyint(4) NOT NULL DEFAULT '0' COMMENT '状态',
  `target` tinyint(2) unsigned NOT NULL DEFAULT '0' COMMENT '新窗口打开',
  PRIMARY KEY (`id`),
  KEY `pid` (`pid`)
) ENGINE=MyISAM AUTO_INCREMENT=8 DEFAULT CHARSET=utf8;
/*!40101 SET character_set_client = @saved_cs_client */;

--
-- Dumping data for table `o_channel`
--

LOCK TABLES `o_channel` WRITE;
/*!40000 ALTER TABLE `o_channel` DISABLE KEYS */;
INSERT INTO `o_channel` VALUES (4,0,'商品资讯','/Article/index/category/shangpin/catid/44/ccid/4.html',4,1500888208,1503365471,1,0),(2,0,'优惠活动','/Article/index/category/youhui/catid/42/ccid/2.html',2,1379475131,1503365422,1,0),(3,0,'加盟合作','/Article/index/category/jiameng/catid/43/ccid/3.html',3,1379475154,1503365464,1,0),(5,0,'数梦学院','/Article/index/category/yunjisuan/catid/67/ccid/5.html',5,1500888228,1503365477,1,0),(6,0,'定价方案','/Article/index/category/jiameng/catid/46/ccid/6.html',6,1500888248,1503365484,1,0),(7,0,'控制台','http://47.93.225.150/manage',7,1500888264,1505960866,1,1);
/*!40000 ALTER TABLE `o_channel` ENABLE KEYS */;
UNLOCK TABLES;

--
-- Table structure for table `o_config`
--

DROP TABLE IF EXISTS `o_config`;
/*!40101 SET @saved_cs_client     = @@character_set_client */;
/*!40101 SET character_set_client = utf8 */;
CREATE TABLE `o_config` (
  `id` int(10) unsigned NOT NULL AUTO_INCREMENT COMMENT '配置ID',
  `name` varchar(30) NOT NULL DEFAULT '' COMMENT '配置名称',
  `type` tinyint(3) unsigned NOT NULL DEFAULT '0' COMMENT '配置类型',
  `title` varchar(50) NOT NULL DEFAULT '' COMMENT '配置说明',
  `group` tinyint(3) unsigned NOT NULL DEFAULT '0' COMMENT '配置分组',
  `extra` varchar(255) NOT NULL DEFAULT '' COMMENT '配置值',
  `remark` varchar(100) NOT NULL COMMENT '配置说明',
  `create_time` int(10) unsigned NOT NULL DEFAULT '0' COMMENT '创建时间',
  `update_time` int(10) unsigned NOT NULL DEFAULT '0' COMMENT '更新时间',
  `status` tinyint(4) NOT NULL DEFAULT '0' COMMENT '状态',
  `value` text NOT NULL COMMENT '配置值',
  `sort` smallint(3) unsigned NOT NULL DEFAULT '0' COMMENT '排序',
  PRIMARY KEY (`id`),
  UNIQUE KEY `uk_name` (`name`),
  KEY `type` (`type`),
  KEY `group` (`group`)
) ENGINE=MyISAM AUTO_INCREMENT=43 DEFAULT CHARSET=utf8;
/*!40101 SET character_set_client = @saved_cs_client */;

--
-- Dumping data for table `o_config`
--

LOCK TABLES `o_config` WRITE;
/*!40000 ALTER TABLE `o_config` DISABLE KEYS */;
INSERT INTO `o_config` VALUES (1,'WEB_SITE_TITLE',1,'网站标题',1,'','网站标题前台显示标题',1378898976,1379235274,1,'数梦工场',0),(2,'WEB_SITE_DESCRIPTION',2,'网站描述',1,'','网站搜索引擎描述',1378898976,1379235841,1,'数梦工场1',1),(3,'WEB_SITE_KEYWORD',2,'网站关键字',1,'','网站搜索引擎关键字',1378898976,1381390100,1,'云服务器,数梦工场',8),(4,'WEB_SITE_CLOSE',4,'关闭站点',1,'0:关闭,1:开启','站点关闭后其他用户不能访问，管理员可以正常访问',1378898976,1379235296,1,'1',1),(9,'CONFIG_TYPE_LIST',3,'配置类型列表',4,'','主要用于数据解析和页面表单的生成',1378898976,1379235348,1,'0:数字\r\n1:字符\r\n2:文本\r\n3:数组\r\n4:枚举',2),(10,'WEB_SITE_ICP',1,'网站备案号',1,'','设置在网站底部显示的备案号，如“沪ICP备12007941号-2',1378900335,1379235859,1,'京ICP备170788881号',9),(11,'DOCUMENT_POSITION',3,'文档推荐位',2,'','文档推荐位，推荐到多个位置KEY值相加即可',1379053380,1379235329,1,'1:列表页推荐\r\n2:频道页推荐\r\n4:网站首页推荐',3),(12,'DOCUMENT_DISPLAY',3,'文档可见性',2,'','文章可见性仅影响前台显示，后台不收影响',1379056370,1379235322,1,'0:所有人可见\r\n1:仅注册会员可见\r\n2:仅管理员可见',4),(13,'COLOR_STYLE',4,'后台色系',1,'default_color:默认\r\nblue_color:紫罗兰','后台颜色风格',1379122533,1379235904,1,'default_color',10),(20,'CONFIG_GROUP_LIST',3,'配置分组',4,'','配置分组',1379228036,1384418383,1,'1:基本\r\n2:内容\r\n3:用户\r\n4:系统',4),(21,'HOOKS_TYPE',3,'钩子的类型',4,'','类型 1-用于扩展显示内容，2-用于扩展业务处理',1379313397,1379313407,1,'1:视图\r\n2:控制器',6),(22,'AUTH_CONFIG',3,'Auth配置',4,'','自定义Auth.class.php类配置',1379409310,1379409564,1,'AUTH_ON:1\r\nAUTH_TYPE:2',8),(23,'OPEN_DRAFTBOX',4,'是否开启草稿功能',2,'0:关闭草稿功能\r\n1:开启草稿功能\r\n','新增文章时的草稿功能配置',1379484332,1379484591,1,'1',1),(24,'DRAFT_AOTOSAVE_INTERVAL',0,'自动保存草稿时间',2,'','自动保存草稿的时间间隔，单位：秒',1379484574,1386143323,1,'60',2),(25,'LIST_ROWS',0,'后台每页记录数',2,'','后台数据每页显示记录数',1379503896,1380427745,1,'10',10),(26,'USER_ALLOW_REGISTER',4,'是否允许用户注册',3,'0:关闭注册\r\n1:允许注册','是否开放用户注册',1379504487,1379504580,1,'1',3),(27,'CODEMIRROR_THEME',4,'预览插件的CodeMirror主题',4,'3024-day:3024 day\r\n3024-night:3024 night\r\nambiance:ambiance\r\nbase16-dark:base16 dark\r\nbase16-light:base16 light\r\nblackboard:blackboard\r\ncobalt:cobalt\r\neclipse:eclipse\r\nelegant:elegant\r\nerlang-dark:erlang-dark\r\nlesser-dark:lesser-dark\r\nmidnight:midnight','详情见CodeMirror官网',1379814385,1384740813,1,'ambiance',3),(28,'DATA_BACKUP_PATH',1,'数据库备份根路径',4,'','路径必须以 / 结尾',1381482411,1381482411,1,'./Data/',5),(29,'DATA_BACKUP_PART_SIZE',0,'数据库备份卷大小',4,'','该值用于限制压缩后的分卷最大长度。单位：B；建议设置20M',1381482488,1381729564,1,'20971520',7),(30,'DATA_BACKUP_COMPRESS',4,'数据库备份文件是否启用压缩',4,'0:不压缩\r\n1:启用压缩','压缩备份文件需要PHP环境支持gzopen,gzwrite函数',1381713345,1381729544,1,'1',9),(31,'DATA_BACKUP_COMPRESS_LEVEL',4,'数据库备份文件压缩级别',4,'1:普通\r\n4:一般\r\n9:最高','数据库备份文件的压缩级别，该配置在开启压缩时生效',1381713408,1381713408,1,'9',10),(32,'DEVELOP_MODE',4,'开启开发者模式',4,'0:关闭\r\n1:开启','是否开启开发者模式',1383105995,1383291877,1,'1',11),(33,'ALLOW_VISIT',3,'不受限控制器方法',0,'','',1386644047,1386644741,1,'0:article/draftbox\r\n1:article/mydocument\r\n2:Category/tree\r\n3:Index/verify\r\n4:file/upload\r\n5:file/download\r\n6:user/updatePassword\r\n7:user/updateNickname\r\n8:user/submitPassword\r\n9:user/submitNickname\r\n10:file/uploadpicture',0),(34,'DENY_VISIT',3,'超管专限控制器方法',0,'','仅超级管理员可访问的控制器方法',1386644141,1386644659,1,'0:Addons/addhook\r\n1:Addons/edithook\r\n2:Addons/delhook\r\n3:Addons/updateHook\r\n4:Admin/getMenus\r\n5:Admin/recordList\r\n6:AuthManager/updateRules\r\n7:AuthManager/tree',0),(35,'REPLY_LIST_ROWS',0,'回复列表每页条数',2,'','',1386645376,1387178083,1,'10',0),(36,'ADMIN_ALLOW_IP',2,'后台允许访问IP',4,'','多个用逗号分隔，如果不配置表示不限制IP访问',1387165454,1387165553,1,'',12),(37,'SHOW_PAGE_TRACE',4,'是否显示页面Trace',4,'0:关闭\r\n1:开启','是否显示页面Trace信息',1387165685,1387165685,1,'0',1),(38,'WEB_REGISTER',1,'注册接口',0,'','',1502271968,1502271968,1,'http://47.93.225.150/manage/control/public/users/sendRegisterEmail',0),(39,'WEB_CREATE_ORDER',1,'创建订单接口',0,'','',1503297638,1504769187,1,'http://47.93.225.150/gateway/api/billing/order/create_simple',0),(40,'ACCESSKEYID',1,'AccessKeyId',0,'','',1504770191,1504770191,1,'Sab9dd03tC4TNKU2',0),(41,'ACCESSKEYSECRET',1,'AccessKeySecret',0,'','',1504770235,1504770235,1,'xQqStz2oeCiyMKyu6M9fVY10lb4efy',0),(42,'WEB_ON_LINE',0,'在线客服qq',0,'443630','',1506324515,1506324972,1,'',0);
/*!40000 ALTER TABLE `o_config` ENABLE KEYS */;
UNLOCK TABLES;

--
-- Table structure for table `o_document`
--

DROP TABLE IF EXISTS `o_document`;
/*!40101 SET @saved_cs_client     = @@character_set_client */;
/*!40101 SET character_set_client = utf8 */;
CREATE TABLE `o_document` (
  `id` int(10) unsigned NOT NULL AUTO_INCREMENT COMMENT '文档ID',
  `uid` int(10) unsigned NOT NULL DEFAULT '0' COMMENT '用户ID',
  `name` char(40) NOT NULL COMMENT '标识',
  `title` char(80) NOT NULL DEFAULT '' COMMENT '标题',
  `category_id` int(10) unsigned NOT NULL COMMENT '所属分类',
  `description` char(140) NOT NULL DEFAULT '' COMMENT '描述',
  `root` int(10) unsigned NOT NULL DEFAULT '0' COMMENT '根节点',
  `pid` int(10) unsigned NOT NULL DEFAULT '0' COMMENT '所属ID',
  `model_id` tinyint(3) unsigned NOT NULL DEFAULT '0' COMMENT '内容模型ID',
  `type` tinyint(3) unsigned NOT NULL DEFAULT '2' COMMENT '内容类型',
  `position` smallint(5) unsigned NOT NULL DEFAULT '0' COMMENT '推荐位',
  `link_id` int(10) unsigned NOT NULL DEFAULT '0' COMMENT '外链',
  `cover_id` int(10) unsigned NOT NULL DEFAULT '0' COMMENT '封面',
  `display` tinyint(3) unsigned NOT NULL DEFAULT '1' COMMENT '可见性',
  `deadline` int(10) unsigned NOT NULL DEFAULT '0' COMMENT '截至时间',
  `attach` tinyint(3) unsigned NOT NULL DEFAULT '0' COMMENT '附件数量',
  `view` int(10) unsigned NOT NULL DEFAULT '0' COMMENT '浏览量',
  `comment` int(10) unsigned NOT NULL DEFAULT '0' COMMENT '评论数',
  `extend` int(10) unsigned NOT NULL DEFAULT '0' COMMENT '扩展统计字段',
  `level` int(10) NOT NULL DEFAULT '0' COMMENT '优先级',
  `create_time` int(10) unsigned NOT NULL DEFAULT '0' COMMENT '创建时间',
  `update_time` int(10) unsigned NOT NULL DEFAULT '0' COMMENT '更新时间',
  `status` tinyint(4) NOT NULL DEFAULT '0' COMMENT '数据状态',
  `biaoqian` varchar(6) DEFAULT NULL COMMENT '标签',
  `ljxg` varchar(255) NOT NULL COMMENT '立即选购',
  `xptj` varchar(255) NOT NULL COMMENT '选配推荐',
  `price` varchar(255) NOT NULL COMMENT '价格',
  PRIMARY KEY (`id`),
  KEY `idx_category_status` (`category_id`,`status`),
  KEY `idx_status_type_pid` (`status`,`uid`,`pid`)
) ENGINE=MyISAM AUTO_INCREMENT=201 DEFAULT CHARSET=utf8 COMMENT='文档模型基础表';
/*!40101 SET character_set_client = @saved_cs_client */;

--
-- Dumping data for table `o_document`
--

LOCK TABLES `o_document` WRITE;
/*!40000 ALTER TABLE `o_document` DISABLE KEYS */;
INSERT INTO `o_document` VALUES (43,1,'','大讲堂开讲啦',75,'以中心地区带动发展已经成为我国目前培育经济新动能的主要方向。《经济参考报》记者从多个部门了解到，以北京、上海等大城市为主，我国部署了多批国家大数据中心、国家科学中心、国家制造业创新中心，今后几年有望陆续',0,0,5,2,0,0,2,1,0,0,4,0,0,2,1500978120,1501031479,1,'','','',''),(10,1,'','阿里云服务器是什么样的',56,'云服务器Elastic Compute Service(ECS)是阿里云提供的一种基础云计算服务。使用云服务器ECS就像使用水、电、煤气等资源一样便捷、高效。您无需提前采购硬件设备，而是根据业务需要，随时创建所需数量的云服务器实例，并在使用过程中，随着业务的扩展，对云服务器进行扩',0,0,2,2,24,0,48,1,0,0,39,0,0,100,1513305840,1506324323,-1,'','','','100'),(11,1,'','阿里云对云服务器进行扩容磁1',55,'云服务器Elastic Compute Service(ECS)是阿里云提供的一种基础云计算服务。使用云服务器ECS就像使用水、电、煤气等资源一样便捷、高效。您无需提前采购硬件设备，而是根据业务需要，随时创建所需数量的云服务器实例，并在使用过程中，',0,0,2,2,16,0,29,1,0,0,175,0,0,50,1500950760,1505281302,1,'','http://www.baidu.com','http://www.qq.com','100'),(12,1,'','ECS提供给每个用户的操作实体',57,'云服务器Elastic Compute Service(ECS)是阿里云提供的一种基础云计算服务。使用云服务器ECS就像使用水、电、煤气等资源一样便捷、高效。您无需提前采购硬件设备，而是根据业务需要，随时创建所需数量的云服务器实例，并在使',0,0,2,2,16,0,32,1,0,0,29,0,0,0,1500951720,1505272117,1,'','','','100'),(13,1,'','云服务器ECS就像使用水',58,'云服务器Elastic Compute Service(ECS)是阿里云提供的一种基础云计算服务。使用云服务器ECS就像使用水、电、煤气等资源一样便捷、高效。您无需提前采购硬件设备，而是根据业务需要，随时创建所需数量的云服务器实例，并在使用过程中，\r\n',0,0,2,2,24,0,31,1,0,0,40,0,0,104,1464750180,1505282064,1,'','','','100'),(14,1,'','阿里云来啦',59,'云服务器ECS实例是一个虚拟的计算环境，包含了CPU、内存、操作系统、磁盘、带宽等最基础的服务器组件，是ECS提供给每个用户的操作实体。一个实例就等同于一台虚拟机，',0,0,2,2,24,0,30,1,0,0,5,0,0,0,1500953340,1505282038,1,'','','','100'),(15,1,'','阿里云',60,'云服务器ECS实例是一个虚拟的计算环境，包含了CPU、内存、操作系统、磁盘、带宽等最基础的服务器组件，是ECS提供给每个用户的操作实体。一个实例就等同于一台虚拟机，',0,0,2,2,24,0,33,1,0,0,16,0,0,0,1500953940,1505282083,1,'','','','100'),(16,1,'','阿里云',61,'云服务器ECS实例是一个虚拟的计算环境，包含了CPU、内存、操作系统、磁盘、带宽等最基础的服务器组件，是ECS提供给每个用户的操作实体。一个实例就等同于一台虚拟',0,0,2,2,24,0,34,1,0,0,22,0,0,0,1500954000,1505281400,1,'','','','100'),(17,1,'','关系型数据库',62,'云服务器ECS实例是一个虚拟的计算环境，包含了CPU、内存、操作系统、磁盘、带宽等最基础的服务器组件，是ECS提供给每个用户的操作实体。一个实例就等同于一台虚拟机，',0,0,2,2,16,0,35,1,0,0,28,0,0,0,1500954180,1505281574,1,'','','','100'),(18,1,'','感知产品',66,'云服务器ECS实例是一个虚拟的计算环境，包含了CPU、内存、操作系统、磁盘、带宽等最基础的服务器组件，是ECS提供给每个用户的操作实体。一个实例就等同于一台虚拟机，',0,0,2,2,16,0,36,1,0,0,6,0,0,0,1500954360,1505281780,1,'','','','100'),(19,1,'','安全其实',65,'云服务器ECS实例是一个虚拟的计算环境，包含了CPU、内存、操作系统、磁盘、带宽等最基础的服务器组件，是ECS提供给每个用户的操作实体。一个实例就等同于一台虚拟机，',0,0,2,2,16,0,37,1,0,0,11,0,0,0,1500954420,1505281800,1,'','','','100'),(20,1,'','web应用防火墙',64,'云服务器ECS实例是一个虚拟的计算环境，包含了CPU、内存、操作系统、磁盘、带宽等最基础的服务器组件，是ECS提供给每个用户的操作实体。一个实例就等同于一台虚拟机，',0,0,2,2,16,0,38,1,0,0,3,0,0,0,1500954420,1505281849,1,'','','','100'),(21,1,'','ddos',63,'云服务器ECS实例是一个虚拟的计算环境，包含了CPU、内存、操作系统、磁盘、带宽等最基础的服务器组件，是ECS提供给每个用户的操作实体。一个实例就等同于一台虚拟机，',0,0,2,2,4,0,39,1,0,0,14,0,0,0,1500954480,1502786031,1,'','','','100'),(31,1,'','怎样通过网上营销月入百万？',72,'营销型网站并不局限于商场类的网站，它拥有订单、成交、购买等性质，搜索引擎良好为表现、用户良好体验为标准，具备理解力、',0,0,2,2,4,0,3,1,0,0,31,0,0,1,1500956220,1500956274,1,NULL,'','',''),(32,1,'','迎娶白富美需要什么？',72,'营销型网站并不局限于商场类的网站，它拥有订单、成交、购买等性质，搜索引擎良好为表现、用户良好体验为标准，具备理解力、',0,0,2,2,4,0,3,1,0,0,10,0,0,2,1500956220,1500956268,1,NULL,'','',''),(33,1,'','如何成为马云这样的人',72,'营销型网站并不局限于商场类的网站，它拥有订单、成交、购买等性质，搜索引擎良好为表现、用户良好体验为标准，具备理解力、',0,0,2,2,4,0,3,1,0,0,7,0,0,3,1500956280,1506329710,1,'','','',''),(34,1,'','少打一局王者荣耀就能上手Spring Cloud?',73,'云服务器ECS实例是一个虚拟的计算环境，包含了CPU、内存、操作系统、磁盘、带宽等最基础的服务器组件，是ECS提供给每个用户的操作实体',0,0,2,2,4,0,0,1,0,0,5,0,0,1,1500956880,1506066636,1,'说吧你的uu','','',''),(35,1,'','少打一局王者荣耀会出现什么后果？',73,'云服务器ECS实例是一个虚拟的计算环境，包含了CPU、内存、操作系统、磁盘、带宽等最基础的服务器组件，是ECS提供给每个用户的操作实体',0,0,2,2,4,0,0,1,0,0,6,0,0,3,1500956940,1500961196,1,'阿里云','','',''),(36,1,'','最近投资什么产品比较好？',73,'云服务器ECS实例是一个虚拟的计算环境，包含了CPU、内存、操作系统、磁盘、带宽等最基础的服务器组件，是ECS提供给每个用户的操作实体',0,0,2,2,4,0,0,1,0,0,10,0,0,2,1500957000,1505285817,1,'王者归来','','',''),(37,1,'','新的标题',73,'发生',0,0,2,2,4,0,0,1,0,0,3,0,0,4,1500970020,1506066562,1,'爱的','','',''),(42,1,'','开发者大讲堂',75,'以中心地区带动发展已经成为我国目前培育经济新动能的主要方向。《经济参考报》记者从多个部门了解到，以北京、上海等大城市为\r\n',0,0,5,2,0,0,2,1,0,0,7,0,0,1,1500978060,1503299751,1,'','','','522'),(45,1,'','开发者大讲堂',75,'云服务器 ECS是一种弹性可伸缩的计 算服务，助您降低 IT 成本，提升运维 效率，使您更专注于核心业务创新',0,0,5,2,0,0,2,1,0,0,7,0,0,3,1500978720,1501030479,1,'','','',''),(46,1,'','阿里云eSc来',75,'云服务器 ECS是一种弹性可伸缩的计 算服务，助您降低 IT 成本，提升运维 效率，使您更专注于核心业务创新',0,0,5,2,0,0,2,1,0,0,5,0,0,5,1501030740,1501119918,1,'','','',''),(48,1,'','如果成为北大才子1',72,'营销型网站并不局限于商场类的网站，它拥有订单、成交、购买等性质，搜索引擎良好为表现、用户良好体验为标准，具备理解力营销型网站并不局限于商场类的网站，它拥有订单、成交、购买等性质，搜索引擎良好为表现、用户良好体验为标准，具备理解力',0,0,2,2,0,0,3,1,0,0,0,0,0,4,1501032060,1505965393,1,'','','',''),(53,1,'','云服务器ECS实例是一个虚拟的计算环',44,'云服务器ECS实例是一个虚拟的计算环境，包含了CPU、内存、操作系统、磁盘、带宽等最基础的服务器组件，是ECS提供给每个用户的操作实体。一个实例就等同于一台虚拟机，您对所创建的实例拥有管理员权限',0,0,2,2,0,0,3,1,0,0,11,0,0,100,1501036260,1501036588,1,'','','',''),(54,1,'','云服务器ECS实例是一个虚拟的计算环境',44,'云服务器ECS实例是一个虚拟的计算环境云服务器ECS实例是一个虚拟的计算环境云服务器ECS实例是一个虚拟的计算环境云服务器ECS实例是一个虚拟的计算环境',0,0,2,2,0,0,3,1,0,0,8,0,0,1,1501036320,1506320192,1,'','','',''),(55,1,'','云服务器ECS实例是一个虚拟的计算环境',44,'云服务器Elastic Compute Service(ECS)是阿里云提供的一种基础云计算服务。使用云服务器ECS就像使用水、电、煤气等资源一样便捷、高效。您无需提前采购硬件设备，而是根据业务需要，随时创建所需数量的云服务器实例，并在使用过程中\r\n',0,0,2,2,0,0,3,1,0,0,5,0,0,0,1501036401,1506320163,-1,'','','',''),(56,1,'','如挂载磁盘、创建快照、创建镜像，部署环境',44,'云服务器ECS实例是一个虚拟的计算环境，包含了CPU、内存、操作系统、磁盘、带宽等最基础的服务器组件，是ECS提供给每个用户的操作实体。一个实例就等同于一台虚拟机，',0,0,2,2,0,0,3,1,0,0,4,0,0,2,1501036920,1506320174,1,'','','',''),(57,1,'','服务器Elastic Compute Service(ECS)是阿里云',76,'云服务器ECS实例是一个虚拟的计算环境，包含了CPU、内存、操作系统、磁盘、带宽等最基础的服务器组件，是ECS提供给每个用户的操作实体。一个实例就等同于一台虚拟机',0,0,2,2,0,0,3,1,0,0,3,0,0,0,1501041300,1501041300,1,'','','',''),(58,1,'','云服务器Elastic Compute Service(ECS)是阿里云提供的一种基础云计算服',76,'云服务器ECS实例是一个虚拟的计算环境，包含了CPU、内存、操作系统、磁盘、带宽等最基础的服务器组件，是ECS提供给每个用户的操作实体',0,0,2,2,0,0,3,1,0,0,3,0,0,0,1501041352,1501041352,1,'','','',''),(59,1,'','您可以在实例上进行基本操作，如挂载磁盘、创建快照、创建镜像，部署环境等',76,'',0,0,2,2,0,0,3,1,0,0,4,0,0,0,1501041396,1501041396,1,'','','',''),(60,1,'','云服务器ECS实例是一个虚拟的计算环境，包含了CPU、内存',76,'云服务器ECS实例是一个虚拟的计算环境，包含了CPU、内存云服务器ECS实例是一个虚拟的计算环境，包含了CPU、内存云服务器ECS实例是一个虚拟的计算环境，包含了CPU、内存',0,0,2,2,0,0,3,1,0,0,10,0,0,0,1501041422,1501041422,1,'','','',''),(61,1,'','腾讯帝国梦是个什么梦',83,'服务器Elastic Compute Service(ECS)是阿里云提供的一种基础云计算服务。使用云服务器ECS就像使用水、电、煤气等资源一样便捷、高效。',0,0,2,2,0,0,0,1,0,0,1,0,0,0,1501046086,1501046086,1,'','','',''),(62,1,'','百度无人机是个什么概念',83,'云服务器ECS实例是一个虚拟的计算环境，包含了CPU、内存、操作系统、磁盘、带宽等最基础的服务器组件，是ECS提供给每个用户的操作实体。一个实例就等同于一台虚拟机，您对所创建的实例拥有管理员权限，可以随时登录进行使用和管理',0,0,2,2,0,0,0,1,0,0,4,0,0,0,1501046267,1501046267,1,'','','',''),(63,1,'','作为一家服务型公司最重要的是什么？',83,'云服务器ECS实例是一个虚拟的计算环境，包含了CPU、内存、操作系统、磁盘、带宽等最基础的服务器组件，是ECS提供给每个用户的操作实体。一个实例就等同于一台虚拟机，您对所创建的实例拥有管理员权限，可以随时登录进行使用和管理',0,0,2,2,0,0,0,1,0,0,5,0,0,0,1501046308,1501046308,1,'','','',''),(64,1,'','作为一家服务型公司最重要的是什么？',84,'云服务器ECS实例是一个虚拟的计算环境，包含了CPU、内存、操作系统、磁盘、带宽等最基础的服务器组件，是ECS提供给每个用户的操作实体。一个实例就等同于一台虚拟机，您对所创建的实例拥有管理员权限，可以随时登录进行使用和管理',0,0,2,2,0,0,0,1,0,0,2,0,0,0,1501046368,1501046368,1,'','','',''),(65,1,'','百度无人机是个什么概念',84,'云服务器ECS实例是一个虚拟的计算环境，包含了CPU、内存、操作系统、磁盘、带宽等最基础的服务器组件，是ECS提供给每个用户的操作实体。一个实例就等同于一台虚拟机，您对所创建的实例拥有管理员权限，可以随时登录进行使用和管理',0,0,2,2,0,0,0,1,0,0,0,0,0,0,1501046368,1501046368,1,'','','',''),(66,1,'','腾讯帝国梦是个什么梦',84,'服务器Elastic Compute Service(ECS)是阿里云提供的一种基础云计算服务。使用云服务器ECS就像使用水、电、煤气等资源一样便捷、高效。',0,0,2,2,0,0,0,1,0,0,0,0,0,0,1501046368,1501046368,1,'','','',''),(67,1,'','腾讯帝国梦是个什么梦',85,'服务器Elastic Compute Service(ECS)是阿里云提供的一种基础云计算服务。使用云服务器ECS就像使用水、电、煤气等资源一样便捷、高效。',0,0,2,2,0,0,0,1,0,0,0,0,0,0,1501046392,1501046392,1,'','','',''),(68,1,'','百度无人机是个什么概念',85,'云服务器ECS实例是一个虚拟的计算环境，包含了CPU、内存、操作系统、磁盘、带宽等最基础的服务器组件，是ECS提供给每个用户的操作实体。一个实例就等同于一台虚拟机，您对所创建的实例拥有管理员权限，可以随时登录进行使用和管理',0,0,2,2,0,0,0,1,0,0,0,0,0,0,1501046392,1501046392,1,'','','',''),(69,1,'','作为一家服务型公司最重要的是什么？',85,'云服务器ECS实例是一个虚拟的计算环境，包含了CPU、内存、操作系统、磁盘、带宽等最基础的服务器组件，是ECS提供给每个用户的操作实体。一个实例就等同于一台虚拟机，您对所创建的实例拥有管理员权限，可以随时登录进行使用和管理',0,0,2,2,0,0,0,1,0,0,2,0,0,0,1501046392,1501046392,1,'','','',''),(70,1,'','如果成为北大才子',87,'营销型网站并不局限于商场类的网站，它拥有订单、成交、购买等性质，搜索引擎良好为表现、用户良好体验为标准，具备理解力营销型网站并不局限于商场类的网站，它拥有订单、成交、购买等性质，搜索引擎良好为表现、用户良好体验为标准，具备理解力',0,0,2,2,0,0,3,1,0,0,0,0,0,0,1501048045,1506049231,-1,'','','',''),(71,1,'','如何成为马云这样的恶人',87,'营销型网站并不局限于商场类的网站，它拥有订单、成交、购买等性质，搜索引擎良好为表现、用户良好体验为标准，具备理解力、',0,0,2,2,4,0,3,1,0,0,6,0,0,0,1501048045,1501048045,1,NULL,'','',''),(72,1,'','迎娶白富美需要什么？',87,'营销型网站并不局限于商场类的网站，它拥有订单、成交、购买等性质，搜索引擎良好为表现、用户良好体验为标准，具备理解力、',0,0,2,2,4,0,3,1,0,0,8,0,0,40,1501048020,1506067840,1,'','','',''),(73,1,'','怎样通过网上营销月入百万？',87,'营销型网站并不局限于商场类的网站，它拥有订单、成交、购买等性质，搜索引擎良好为表现、用户良好体验为标准，具备理解力、',0,0,2,2,4,0,3,1,0,0,24,0,0,0,1501048045,1501048045,1,NULL,'','',''),(74,1,'','怎样通过网上营销月入百万？扯',88,'营销型网站并不局限于商场类的网站，它拥有订单、成交、购买等性质，搜索引擎良好为表现、用户良好体验为标准，具备理解力、',0,0,2,2,4,0,3,1,0,0,19,0,0,0,1501048020,1501048115,1,'','','',''),(75,1,'','迎娶白富美需要什么？金钱？气魄？',88,'营销型网站并不局限于商场类的网站，它拥有订单、成交、购买等性质，搜索引擎良好为表现、用户良好体验为标准，具备理解力、',0,0,2,2,4,0,3,1,0,0,6,0,0,0,1501048020,1501048106,1,'','','',''),(76,1,'','如何成为马云这样的恶人还是好人',88,'营销型网站并不局限于商场类的网站，它拥有订单、成交、购买等性质，搜索引擎良好为表现、用户良好体验为标准，具备理解力、',0,0,2,2,4,0,3,1,0,0,6,0,0,0,1501048020,1501048094,1,'','','',''),(77,1,'','如果成为北大才子的头条',88,'营销型网站并不局限于商场类的网站，它拥有订单、成交、购买等性质，搜索引擎良好为表现、用户良好体验为标准，具备理解力营销型网站并不局限于商场类的网站，它拥有订单、成交、购买等性质，搜索引擎良好为表现、用户良好体验为标准，具备理解力',0,0,2,2,0,0,3,1,0,0,0,0,0,0,1501048020,1501048084,1,'','','',''),(81,1,'','【上云须知】全面了解阿里云能为你做什么',75,'云服务器Elastic Compute Service(ECS)是阿里云提供的一种基础云计算服务。使用云服务器ECS就像使用水、电、煤气等资源一样便捷、高效。您无需提前采购硬件设备，而是根据业务需要，随时创建所需数量的云服务器实例，并在使用过程中，随着业务的扩展，对云服务器进行扩',0,0,5,2,0,0,2,1,0,0,34,0,0,6,1501120020,1505195422,1,'','http://www.baidu.com','','100'),(82,1,'','阿里云服务器 ECS讲课啦',68,'云服务器Elastic Compute Service(ECS)是阿里云提供的一种基础云计算服务。使用云服务器ECS就像使用水、电、煤气等资源一样便捷、高效。您无需提前采购硬件设备，而是根据业务需要，随时创建所需数量的云服务器实例，并在使用过程中，随着业务的扩展，对云服务器进行扩',0,0,5,2,4,0,48,1,0,0,32,0,0,0,1501121460,1502786475,1,'','http://www.sina.com.cn','','100'),(83,1,'','您可以在实例上进行基本操作',68,'云服务器Elastic Compute Service(ECS)是阿里云提供的一种基础云计算服务。使用云服务器ECS就像使用水、电、煤气等资源一样便捷、高效。您无需提前采购硬件设备，而是根据业务需要，随时创建所需数量的云服务器实例，并在使用过程中，随着业务的扩展，对云服务器进行扩',0,0,5,2,4,0,40,1,0,0,23,0,0,0,1501121580,1502786458,1,'','http://www.sina.com.cn','','100'),(84,1,'','开心大讲堂',67,'云服务器Elastic Compute Service(ECS)是阿里云提供的一种基础云计算服务。使用云服务器ECS就像使用水、电、煤气等资源一样便捷、高效。您无需提前采购硬件设备，而是根据业务需要，随时创建所需数量的云服务器实例，并在使用过程中，随着业务的扩展，对云服务器进行扩',0,0,5,2,4,0,43,1,0,0,35,0,0,0,1501121700,1502786657,1,'','','','100'),(85,1,'','好好学习天天向上',67,'云服务器Elastic Compute Service(ECS)是阿里云提供的一种基础云计算服务。使用云服务器ECS就像使用水、电、煤气等资源一样便捷、高效。您无需提前采购硬件设备，而是根据业务需要，随时创建所需数量的云服务器实例，并在使用过程中，随着业务的扩展，对云服务器进行扩',0,0,5,2,4,0,42,1,0,0,34,0,0,0,1501121760,1502786569,1,'','','','100'),(86,1,'','学习是成长的原动力',69,'云服务器Elastic Compute Service(ECS)是阿里云提供的一种基础云计算服务。使用云服务器ECS就像使用水、电、煤气等资源一样便捷、高效。您无需提前采购硬件设备，而是根据业务需要，随时创建所需数量的云服务器实例，并在使用过程中，随着业务的扩展，对云服务器进行扩',0,0,5,2,4,0,47,1,0,0,41,0,0,0,1501121940,1502786235,1,'','','','100'),(87,1,'','您对所创建的实例拥有管理员权限',69,'云服务器Elastic Compute Service(ECS)是阿里云提供的一种基础云计算服务。使用云服务器ECS就像使用水、电、煤气等资源一样便捷、高效。您无需提前采购硬件设备，而是根据业务需要，随时创建所需数量的云服务器实例，并在使用过程中，随着业务的扩展，对云服务器进行扩',0,0,5,2,4,0,46,1,0,0,36,0,0,0,1501122000,1502786218,1,'','','','100'),(88,1,'','云服务器ECS实例是一个虚拟的计算环境',70,'云服务器Elastic Compute Service(ECS)是阿里云提供的一种基础云计算服务。使用云服务器ECS就像使用水、电、煤气等资源一样便捷、高效。您无需提前采购硬件设备，而是根据业务需要，随时创建所需数量的云服务器实例，并在使用过程中，随着业务的扩展，对云服务器进行扩',0,0,5,2,4,0,45,1,0,0,27,0,0,0,1501122060,1502786193,1,'','','','100'),(89,1,'','云服务器ECS实例是一个虚拟的计算环境',70,'云服务器Elastic Compute Service(ECS)是阿里云提供的一种基础云计算服务。使用云服务器ECS就像使用水、电、煤气等资源一样便捷、高效。您无需提前采购硬件设备，而是根据业务需要，随时创建所需数量的云服务器实例，并在使用过程中，随着业务的扩展，对云服务器进行扩',0,0,5,2,4,0,44,1,0,0,25,0,0,0,1501122120,1502786157,1,'','','','100'),(90,1,'','云服务器ECS实例是一个虚拟的计算环境',67,'云服务器Elastic Compute Service(ECS)是阿里云提供的一种基础云计算服务。使用云服务器ECS就像使用水、电、煤气等资源一样便捷、高效。您无需提前采购硬件设备，而是根据业务需要，随时创建所需数量的云服务器实例，并在使用过程中，随着业务的扩展，对云服务器进行扩',0,0,5,2,4,0,41,1,0,0,45,0,0,0,1501122240,1502786501,1,'','','','100'),(121,1,'','云产品',98,'云服务器Elastic Compute Service(ECS)是阿里云提供的一种基础云计算服务。使用云服务器ECS就像使用水、电、煤气等资源一样便捷、高效。您无需提前采购硬件设备，而是根据业务需要，随时创建所需数量的云服务器实例，并在使用过程中，随着业务的扩展，对云服务器进行扩',0,0,2,2,0,0,65,1,1508555580,0,2,0,0,0,1505272140,1505272623,1,'','','','200'),(123,1,'','云产品',98,'云服务器Elastic Compute Service(ECS)是阿里云提供的一种基础云计算服务。使用云服务器ECS就像使用水、电、煤气等资源一样便捷、高效。您无需提前采购硬件设备，而是根据业务需要，随时创建所需数量的云服务器实例，并在使用过程中，随着业务的扩展，对云服务器进行扩',0,0,2,2,0,0,65,1,1506741840,0,2,0,0,0,1505272670,1505272670,1,'','','','620'),(124,1,'','云产品',98,'云服务器Elastic Compute Service(ECS)是阿里云提供的一种基础云计算服务。使用云服务器ECS就像使用水、电、煤气等资源一样便捷、高效。您无需提前采购硬件设备，而是根据业务需要，随时创建所需数量的云服务器实例，并在使用过程中，随着业务的扩展，对云服务器进行扩',0,0,2,2,0,0,65,1,1507865100,0,0,0,0,0,1505272703,1505272703,1,'','','','320'),(125,1,'','云产品',98,'云服务器Elastic Compute Service(ECS)是阿里云提供的一种基础云计算服务。使用云服务器ECS就像使用水、电、煤气等资源一样便捷、高效。您无需提前采购硬件设备，而是根据业务需要，随时创建所需数量的云服务器实例，并在使用过程中，随着业务的扩展，对云服务器进行扩',0,0,2,2,0,0,65,1,1510284360,0,3,0,0,0,1505272731,1505272731,1,'','','','800'),(126,1,'','培训课程和认证考试',97,'云服务器Elastic Compute Service(ECS)是阿里云提供的一种基础云计算服务。使用云服务器ECS就像使用水、电、煤气等资源一样便捷、高效。您无需提前采购硬件设备，而是根据业务需要，随时创建所需数量的云服务器实例，并在使用过程中，随着业务的扩展，对云服务器进行扩',0,0,2,2,0,0,65,1,1507260360,0,1,0,0,0,1505272740,1506677384,1,'','','','1000'),(127,1,'','培训课程和认证',97,'云服务器Elastic Compute Service(ECS)是阿里云提供的一种基础云计算服务。使用云服务器ECS就像使用水、电、煤气等资源一样便捷、高效。您无需提前采购硬件设备，而是根据业务需要，随时创建所需数量的云服务器实例，并在使用过程中，随着业务的扩展，对云服务器进行扩',0,0,2,2,0,0,65,1,1505705220,0,0,0,0,0,1505272800,1505466691,1,'','','','320'),(128,1,'','培训课程和认证ce',97,'云服务器Elastic Compute Service(ECS)是阿里云提供的一种基础云计算服务。使用云服务器ECS就像使用水、电、煤气等资源一样便捷、高效。您无需提前采购硬件设备，而是根据业务需要，随时创建所需数量的云服务器实例，并在使用过程中，随着业务的扩展，对云服务器进行扩',0,0,2,2,0,0,65,1,1505446080,0,0,0,0,0,1505272860,1505466659,1,'','','','40'),(129,1,'','培训课程',97,'云服务器Elastic Compute Service(ECS)是阿里云提供的一种基础云计算服务。使用云服务器ECS就像使用水、电、煤气等资源一样便捷、高效。您无需提前采购硬件设备，而是根据业务需要，随时创建所需数量的云服务器实例，并在使用过程中，随着业务的扩展，对云服务器进行扩',0,0,2,2,0,0,65,1,1507174140,0,2,0,0,0,1505272920,1506677290,1,'','','','22'),(138,1,'','不管是发生地方撒点粉的',40,'',0,0,4,2,0,0,0,1,0,0,0,0,0,4,1505897880,1506319573,-1,'','','',''),(152,1,'','XXXXXXXXXXXXXX',76,'',0,0,2,2,24,0,67,1,0,0,2,0,0,33,1505902740,1506324292,-1,'','','',''),(153,1,'','XXXXXXXXXXXXXX',76,'',0,0,2,2,24,0,67,1,0,0,1,0,0,33,1505903913,1506324292,-1,'','','',''),(154,1,'','XXXXXXXXXXXXXX',76,'',0,0,2,2,24,0,67,1,0,0,1,0,0,33,1505903922,1506324292,-1,'','','',''),(155,1,'','XXXXXXXXXXXXXX',76,'',0,0,2,2,24,0,67,1,0,0,1,0,0,33,1505903922,1506324292,-1,'','','',''),(156,1,'','XXXXXXXXXXXXXX',76,'',0,0,2,2,24,0,67,1,0,0,1,0,0,33,1505903934,1506324292,-1,'','','',''),(157,1,'','XXXXXXXXXXXXXX',76,'',0,0,2,2,24,0,67,1,0,0,1,0,0,33,1505903934,1506324292,-1,'','','',''),(158,1,'','XXXXXXXXXXXXXX',76,'',0,0,2,2,24,0,67,1,0,0,1,0,0,33,1505903934,1506324292,-1,'','','',''),(159,1,'','XXXXXXXXXXXXXX',76,'',0,0,2,2,24,0,67,1,0,0,1,0,0,33,1505903934,1506320043,-1,'','','',''),(160,1,'','banner3',40,'',0,0,4,2,0,0,54,1,0,0,0,0,0,1,1505965920,1506565099,1,'','','',''),(161,1,'','banner2',40,'',0,0,4,2,0,0,64,1,0,0,0,0,0,2,1505965980,1506565079,1,'','','',''),(164,1,'','banner1',40,'',0,0,4,2,0,0,63,1,0,0,0,0,0,3,1505966340,1506565066,1,'','','',''),(167,1,'','通天塔',72,'三生三世',0,0,2,2,0,0,0,1,0,0,0,0,0,0,1505967968,1506049089,-1,'搜索','','','1111'),(180,1,'','SDFSDFSFSDFSDFSDFSDFSDFSDFSDF',44,'阿斯顿发撒广泛的个地方',0,0,2,2,0,0,69,1,0,0,2,0,0,1,1506046320,1506049171,-1,'哈哈','','','3423'),(169,1,'','赶快来学习吧',75,'唉阿什顿按时发货噶啥水果的说法',0,0,5,2,0,0,68,1,0,0,9,0,0,7,1505979480,1506323828,-1,'','','','12'),(171,1,'','赶快来学习吧',75,'唉阿什顿按时发货噶啥水果的说法',0,0,5,2,0,0,68,1,0,0,4,0,0,7,1505980285,1506319591,-1,'','','','12'),(170,1,'','赶快来学习吧',75,'唉阿什顿按时发货噶啥水果的说法',0,0,5,2,0,0,68,1,0,0,1,0,0,4,1505979806,1506323828,-1,'','','','124849'),(172,1,'','撒地方撒地方是个的风格',67,'云服务器Elastic Compute Service(ECS)是阿里云提供的一种基础云计算服务。使用云服务器ECS就像使用水、电、煤气等资源一样便捷、高效。您无需提前采购硬件设备，而是根据业务需要，随时创建所需数量的云服务器实例，并在使用过程中，随着业务的扩展，对云服务器进行扩',0,0,5,2,4,0,70,1,0,0,8,0,0,22,1505981280,1506325571,-1,'','','','123'),(173,1,'','大数据大数据大数据大数据大数据大数据',68,'大数据大数据大数据大数据大数据大数据大数据大数据大数据大数据大数据大数据大数据大数据大数据',0,0,5,2,4,0,69,1,0,0,2,0,0,0,1505982420,1506325560,-1,'','','','22'),(174,1,'','对方答复华东师范个地方发生发生大幅度',70,'讽德诵功第三方速度速度还是东方酒店更好的风格',0,0,5,2,4,0,68,1,0,0,7,0,0,33,1505982900,1506325577,-1,'','','','33'),(179,1,'','你就是专家',97,'费大概多少个电饭锅电饭锅',0,0,2,2,0,0,71,1,1506130500,0,0,0,0,0,1506044100,1506325550,-1,'','','','33'),(176,1,'','你真的很屌啊啊啊啊啊啊啊啊啊啊啊啊啊啊',72,'水电费撒个大舒服噶谁的风格是的',0,0,2,2,4,0,71,1,0,0,9,0,0,0,1505983380,1506049188,-1,'','阿什顿飞的','阿什顿飞啊收到回复个地方广泛的',''),(177,1,'','啊啊啊啊啊啊啊啊啊啊啊',73,'的萨芬撒富商大贾东风公司大发生地方阿什顿飞阿斯顿发谁的风格的风格很反感',0,0,2,2,4,0,71,1,0,0,8,0,0,4,1505996640,1506049127,-1,'搞的不错的哈','','','1111'),(178,1,'','十一大促销',98,'手动阀手动阀手动阀',0,0,2,2,0,0,72,1,0,0,4,0,0,0,1506042420,1506325538,-1,'SSS','','','11'),(181,1,'','按时到岗撒地方的',56,'都发生噶啥地方',0,0,2,2,0,0,0,1,0,0,0,0,0,0,1506319513,1506324323,-1,'','','','11'),(182,1,'','但大概多少丰东股份',56,'给的萨芬撒地方',0,0,2,2,0,0,0,1,0,0,0,0,0,0,1506319538,1506319549,-1,'','','','1111'),(183,1,'','banner7',40,'的风格的风格',0,0,4,2,0,0,61,1,0,0,0,0,0,0,1506319560,1506565173,1,'','','',''),(184,1,'','啊舒服噶啥地方',44,'啊时代发生的',0,0,2,2,0,0,0,1,0,0,0,0,0,0,1506320081,1506320095,-1,'','','','11'),(185,1,'','云服务器ECS实例是一个虚拟的计算环境',44,'云服务器ECS实例是一个虚拟的计算环境云服务器ECS实例是一个虚拟的计算环境云服务器ECS实例是一个虚拟的计算环境云服务器ECS实例是一个虚拟的计算环境',0,0,2,2,0,0,3,1,0,0,8,0,0,11,1506320100,1506320182,1,'','','',''),(186,1,'','如挂载磁盘、创建快照、创建镜像，部署环境',44,'云服务器ECS实例是一个虚拟的计算环境，包含了CPU、内存、操作系统、磁盘、带宽等最基础的服务器组件，是ECS提供给每个用户的操作实体。一个实例就等同于一台虚拟机，',0,0,2,2,0,0,3,1,0,0,4,0,0,2,1506320204,1506320210,-1,'','','',''),(187,1,'','banner6',40,'分公司地方的',0,0,4,2,0,0,58,1,0,0,0,0,0,0,1506320220,1506565150,1,'','','',''),(188,1,'','不管是发生地方撒点粉的',40,'',0,0,4,2,0,0,0,1,0,0,0,0,0,3,1506320258,1506564211,-1,'','','',''),(189,1,'','不管是发生地方撒点粉的',40,'',0,0,4,2,0,0,0,1,0,0,0,0,0,3,1506320271,1506564211,-1,'','','',''),(190,1,'','不管是发生地方撒点粉的',40,'',0,0,4,2,0,0,0,1,0,0,0,0,0,3,1506320271,1506320322,-1,'','','',''),(191,1,'','的萨芬撒地方是对方噶啥地方的',40,'',0,0,4,2,0,0,67,1,0,0,0,0,0,2,1506320271,1506320322,-1,'','','',''),(192,1,'','的萨芬撒地方是对方噶啥地方的',40,'',0,0,4,2,0,0,67,1,0,0,0,0,0,1,1506320271,1506320322,-1,'','','',''),(193,1,'','banner5',40,'分公司地方的',0,0,4,2,0,0,56,1,0,0,0,0,0,0,1506320220,1506565131,1,'','','',''),(194,1,'','banner4',40,'的风格的风格',0,0,4,2,0,0,55,1,0,0,0,0,0,0,1506320220,1506565115,1,'','','',''),(195,1,'','啊时代发生的发',40,'爱抚噶啥地方的',0,0,4,2,0,0,0,1,0,0,0,0,0,0,1506320880,1506321091,3,'','','',''),(196,1,'','SSSSSSSSSSSSSSSSSSS',56,'发生的发生的',0,0,2,2,24,0,0,1,0,0,0,0,0,0,1506321305,1506323802,-1,'','','','1111'),(200,1,'','啊时代发生的发',73,'啊时代发生的',0,0,2,2,0,0,72,1,0,0,0,0,0,1111,1506322011,1506322026,-1,'撒的发生的','','','');
/*!40000 ALTER TABLE `o_document` ENABLE KEYS */;
UNLOCK TABLES;

--
-- Table structure for table `o_document_article`
--

DROP TABLE IF EXISTS `o_document_article`;
/*!40101 SET @saved_cs_client     = @@character_set_client */;
/*!40101 SET character_set_client = utf8 */;
CREATE TABLE `o_document_article` (
  `id` int(10) unsigned NOT NULL DEFAULT '0' COMMENT '文档ID',
  `parse` tinyint(3) unsigned NOT NULL DEFAULT '0' COMMENT '内容解析类型',
  `content` text NOT NULL COMMENT '文章内容',
  `template` varchar(100) NOT NULL COMMENT '详情页显示模板',
  `bookmark` int(10) unsigned NOT NULL DEFAULT '0' COMMENT '收藏数',
  `product` int(10) unsigned NOT NULL COMMENT '产品图片',
  PRIMARY KEY (`id`)
) ENGINE=MyISAM DEFAULT CHARSET=utf8 COMMENT='文档模型文章表';
/*!40101 SET character_set_client = @saved_cs_client */;

--
-- Dumping data for table `o_document_article`
--

LOCK TABLES `o_document_article` WRITE;
/*!40000 ALTER TABLE `o_document_article` DISABLE KEYS */;
INSERT INTO `o_document_article` VALUES (48,0,'<span style=\"color:#707070;font-family:微软雅黑;font-size:14px;\">营销型网站并不局限于商场类的网站，它拥有订单、成交、购买等性质，搜索引擎良好为表现、用户良好体验为标准，具备理解力</span><span style=\"color:#707070;font-family:微软雅黑;font-size:14px;\">营销型网站并不局限于商场类的网站，它拥有订单、成交、购买等性质，搜索引擎良好为表现、用户良好体验为标准，具备理解力</span><span style=\"color:#707070;font-family:微软雅黑;font-size:14px;\">营销型网站并不局限于商场类的网站，它拥有订单、成交、购买等性质，搜索引擎良好为表现、用户良好体验为标准，具备理解力</span><span style=\"color:#707070;font-family:微软雅黑;font-size:14px;\">营销型网站并不局限于商场类的网站，它拥有订单、成交、购买等性质，搜索引擎良好为表现、用户良好体验为标准，具备理解力</span><span style=\"color:#707070;font-family:微软雅黑;font-size:14px;\">营销型网站并不局限于商场类的网站，它拥有订单、成交、购买等性质，搜索引擎良好为表现、用户良好体验为标准，具备理解力</span>','',0,0),(10,0,'云服务器Elastic Compute Service(ECS)是阿里云提供的一种基础云计算服务。使用云服务器ECS就像使用水、电、煤气等资源一样便捷、高效。您无需提前采购硬件设备，而是根据业务需要，随时创建所需数量的云服务器实例，并在使用过程中，随着业务的扩展，对云服务器进行扩容磁盘、增加宽带。如果不再需要云服务器，也可以方便的释放资源，节省费用。云服务器ECS实例是一个虚拟的计算环境，包含了CPU、内存、操作系统、磁盘','',0,4),(11,0,'云服务器Elastic Compute Service(ECS)是阿里云提供的一种基础云计算服务。使用云服务器ECS就像使用水、电、煤气等资源一样便捷、高效。您无需提前采购硬件设备，而是根据业务需要，随时创建所需数量的云服务器实例，并在使用过程中，随着业务的扩展，对云服务器进行扩容磁盘、增加宽带。如果不再需要云服务器，也可以方便的释放资源，节省费用。云服务器ECS实例是一个虚拟的计算环境，包含了CPU、内存、操作系统、磁盘云服务器Elastic Compute Service(ECS)是阿里云提供的一种基础云计算服务。使用云服务器ECS就像使用水、电、煤气等资源一样便捷、高效。您无需提前采购硬件设备，而是根据业务需要，随时创建所需数量的云服务器实例，并在使用过程中，随着业务的扩展，对云服务器进行扩容磁盘、增加宽带。如果不再需要云服务器，也可以方便的释放资源，节省费用。云服务器ECS实例是一个虚拟的计算环境，包含了CPU、内存、操作系统、磁盘','',0,4),(12,0,'云服务器Elastic Compute Service(ECS)是阿里云提供的一种基础云计算服务。使用云服务器ECS就像使用水、电、煤气等资源一样便捷、高效。您无需提前采购硬件设备，而是根据业务需要，随时创建所需数量的云服务器实例，并在使用过程中，随着业务的扩展，对云服务器进行扩容磁盘、增加宽带。如果不再需要云服务器，也可以方便的释放资源，节省费用。<br />\r\n<br />\r\n云服务器ECS实例是一个虚拟的计算环境，包含了CPU、内存、操作系统、磁盘、带宽等最基础的服务器组件，是ECS提供给每个用户的操作实体。一个实例就等同于一台虚拟机，您对所创建的实例拥有管理员权限，可以随时登录进行使用和管理。您可以在实例上进行基本操作，如挂载磁盘、创建快照、创建镜像，部署环境等。<br />','',0,4),(13,0,'云服务器Elastic Compute Service(ECS)是阿里云提供的一种基础云计算服务。使用云服务器ECS就像使用水、电、煤气等资源一样便捷、高效。您无需提前采购硬件设备，而是根据业务需要，随时创建所需数量的云服务器实例，并在使用过程中，随着业务的扩展，对云服务器进行扩容磁盘、增加宽带。如果不再需要云服务器，也可以方便的释放资源，节省费用。<br />\r\n<br />\r\n云服务器ECS实例是一个虚拟的计算环境，包含了CPU、内存、操作系统、磁盘、带宽等最基础的服务器组件，是ECS提供给每个用户的操作实体。一个实例就等同于一台虚拟机，您对所创建的实例拥有管理员权限，可以随时登录进行使用和管理。您可以在实例上进行基本操作，如挂载磁盘、创建快照、创建镜像，部署环境等。<br />','',0,4),(14,0,'云服务器Elastic Compute Service(ECS)是阿里云提供的一种基础云计算服务。使用云服务器ECS就像使用水、电、煤气等资源一样便捷、高效。您无需提前采购硬件设备，而是根据业务需要，随时创建所需数量的云服务器实例，并在使用过程中，随着业务的扩展，对云服务器进行扩容磁盘、增加宽带。如果不再需要云服务器，也可以方便的释放资源，节省费用。<br />\r\n<br />\r\n云服务器ECS实例是一个虚拟的计算环境，包含了CPU、内存、操作系统、磁盘、带宽等最基础的服务器组件，是ECS提供给每个用户的操作实体。一个实例就等同于一台虚拟机，您对所创建的实例拥有管理员权限，可以随时登录进行使用和管理。您可以在实例上进行基本操作，如挂载磁盘、创建快照、创建镜像，部署环境等。<br />\r\n<br />','',0,4),(15,0,'<span>云服务器ECS实例是一个虚拟的计算环境，包含了CPU、内存、操作系统、磁盘、带宽等最基础的服务器组件，是ECS提供给每个用户的操作实体。一个实例就等同于一台虚拟机，您对所创建的实例拥有管理员权限，可以随时登录进行使用和管理。您可以在实例上进行基本操作，如挂载磁盘、创建快照、创建镜像，部署环境</span>','',0,4),(16,0,'<span>云服务器ECS实例是一个虚拟的计算环境，包含了CPU、内存、操作系统、磁盘、带宽等最基础的服务器组件，是ECS提供给每个用户的操作实体。一个实例就等同于一台虚拟机，您对所创建的实例拥有管理员权限，可以随时登录进行使用和管理。您可以在实例上进行基本操作，如挂载磁盘、创建快照、创建镜像，部署环境</span>','',0,4),(17,0,'<span>云服务器ECS实例是一个虚拟的计算环境，包含了CPU、内存、操作系统、磁盘、带宽等最基础的服务器组件，是ECS提供给每个用户的操作实体。一个实例就等同于一台虚拟机，您对所创建的实例拥有管理员权限，可以随时登录进行使用和管理。您可以在实例上进行基本操作，如挂载磁盘、创建快照、创建镜像，部署环境</span>','',0,4),(18,0,'<span>云服务器ECS实例是一个虚拟的计算环境，包含了CPU、内存、操作系统、磁盘、带宽等最基础的服务器组件，是ECS提供给每个用户的操作实体。一个实例就等同于一台虚拟机，您对所创建的实例拥有管理员权限，可以随时登录进行使用和管理。您可以在实例上进行基本操作，如挂载磁盘、创建快照、创建镜像，部署环境</span>','',0,4),(19,0,'<span>云服务器ECS实例是一个虚拟的计算环境，包含了CPU、内存、操作系统、磁盘、带宽等最基础的服务器组件，是ECS提供给每个用户的操作实体。一个实例就等同于一台虚拟机，您对所创建的实例拥有管理员权限，可以随时登录进行使用和管理。您可以在实例上进行基本操作，如挂载磁盘、创建快照、创建镜像，部署环境</span>','',0,4),(20,0,'<span>云服务器ECS实例是一个虚拟的计算环境，包含了CPU、内存、操作系统、磁盘、带宽等最基础的服务器组件，是ECS提供给每个用户的操作实体。一个实例就等同于一台虚拟机，您对所创建的实例拥有管理员权限，可以随时登录进行使用和管理。您可以在实例上进行基本操作，如挂载磁盘、创建快照、创建镜像，部署环境</span>','',0,4),(21,0,'<span>云服务器ECS实例是一个虚拟的计算环境，包含了CPU、内存、操作系统、磁盘、带宽等最基础的服务器组件，是ECS提供给每个用户的操作实体。一个实例就等同于一台虚拟机，您对所创建的实例拥有管理员权限，可以随时登录进行使用和管理。您可以在实例上进行基本操作，如挂载磁盘、创建快照、创建镜像，部署环境</span>','',0,4),(31,0,'营销型网站并不局限于商场类的网站，它拥有订单、成交、购买等性质，搜索引擎良好为表现、用户良好体验为标准，具备理解力、信任力和行动力、符合目标客户人群的喜好等特点。营销型企业网站是指可以为企业带来大量的意向客户，最终通营销型网站<br />','',0,0),(32,0,'<span>营销型网站并不局限于商场类的网站，它拥有订单、成交、购买等性质，搜索引擎</span><span>良好为表现、用户良好体验为标准，具备理解力、信任力和行动力、符合目标客户</span><span>人群的喜好等特点。营销型企业网站是指可以为企业带来大量的意向客户，最终通</span><span>营销型网站</span>','',0,0),(33,0,'<span>营销型网站并不局限于商场类的网站，它拥有订单、成交、购买等性质，搜索引擎</span><span>良好为表现、用户良好体验为标准，具备理解力、信任力和行动力、符合目标客户</span><span>人群的喜好等特点。营销型企业网站是指可以为企业带来大量的意向客户，最终通</span><span>营销型网站</span>','',0,0),(34,0,'云服务器Elastic Compute Service(ECS)是阿里云提供的一种基础云计算服务。使用云服务器ECS就像使用水、电、煤气等资源一样便捷、高效。您无需提前采购硬件设备，而是根据业务需要，随时创建所需数量的云服务器实例，并在使用过程中，随着业务的扩展，对云服务器进行扩容磁盘、增加宽带。如果不再需要云服务器，也可以方便的释放资源，节省费用。<br />\r\n<br />\r\n云服务器ECS实例是一个虚拟的计算环境，包含了CPU、内存、操作系统、磁盘、带宽等最基础的服务器组件，是ECS提供给每个用户的操作实体。一个实例就等同于一台虚拟机，您对所创建的实例拥有管理员权限，可以随时登录进行使用和管理。您可以在实例上进行基本操作，如挂载磁盘、创建快照、创建镜像，部署环境等。<br />','',0,0),(35,0,'<span>云服务器ECS实例是一个虚拟的计算环境，包含了CPU、内存、操作系统、磁盘、带宽等最基础的服务器组件，是ECS提供给每个用户的操作实体</span>','',0,0),(36,0,'<span>云服务器ECS实例是一个虚拟的计算环境，包含了CPU、内存、操作系统、磁盘、带宽等最基础的服务器组件，是ECS提供给每个用户的操作实体</span>','',0,0),(37,0,'舒服撒发顺丰','',0,0),(196,0,'是个撒的发生的','',0,0),(200,0,'发是的噶啥地方水电费','',0,0),(186,0,'云服务器Elastic Compute Service(ECS)是阿里云提供的一种基础云计算服务。使用云服务器ECS就像使用水、电、煤气等资源一样便捷、高效。您无需提前采购硬件设备，而是根据业务需要，随时创建所需数量的云服务器实例，并在使用过程中，随着业务的扩展，对云服务器进行扩容磁盘、增加宽带。如果不再需要云服务器，也可以方便的释放资源，节省费用。<br />\r\n<br />\r\n云服务器ECS实例是一个虚拟的计算环境，包含了CPU、内存、操作系统、磁盘、带宽等最基础的服务器组件，是ECS提供给每个用户的操作实体。一个实例就等同于一台虚拟机，您对所创建的实例拥有管理员权限，可以随时登录进行使用和管理。您可以在实例上进行基本操作，如挂载磁盘、创建快照、创建镜像，部署环境等。<br />\r\n<div>\r\n	<br />\r\n</div>\r\n云服务器Elastic Compute Service(ECS)是阿里云提供的一种基础云计算服务。使用云服务器ECS就像使用水、电、煤气等资源一样便捷、高效。您无需提前采购硬件设备，而是根据业务需要，随时创建所需数量的云服务器实例，并在使用过程中，随着业务的扩展，对云服务器进行扩容磁盘、增加宽带。如果不再需要云服务器，也可以方便的释放资源，节省费用。<br />\r\n<br />\r\n云服务器ECS实例是一个虚拟的计算环境，包含了CPU、内存、操作系统、磁盘、带宽等最基础的服务器组件，是ECS提供给每个用户的操作实体。一个实例就等同于一台虚拟机，您对所创建的实例拥有管理员权限，可以随时登录进行使用和管理。您可以在实例上进行基本操作，如挂载磁盘、创建快照、创建镜像，部署环境等。<br />\r\n<div>\r\n	<br />\r\n</div>\r\n云服务器Elastic Compute Service(ECS)是阿里云提供的一种基础云计算服务。使用云服务器ECS就像使用水、电、煤气等资源一样便捷、高效。您无需提前采购硬件设备，而是根据业务需要，随时创建所需数量的云服务器实例，并在使用过程中，随着业务的扩展，对云服务器进行扩容磁盘、增加宽带。如果不再需要云服务器，也可以方便的释放资源，节省费用。<br />\r\n<br />\r\n云服务器ECS实例是一个虚拟的计算环境，包含了CPU、内存、操作系统、磁盘、带宽等最基础的服务器组件，是ECS提供给每个用户的操作实体。一个实例就等同于一台虚拟机，您对所创建的实例拥有管理员权限，可以随时登录进行使用和管理。您可以在实例上进行基本操作，如挂载磁盘、创建快照、创建镜像，部署环境等。<br />\r\n<div>\r\n	<br />\r\n</div>','',0,0),(53,0,'云服务器Elastic Compute Service(ECS)是阿里云提供的一种基础云计算服务。使用云服务器ECS就像使用水、电、煤气等资源一样便捷、高效。您无需提前采购硬件设备，而是根据业务需要，随时创建所需数量的云服务器实例，并在使用过程中，随着业务的扩展，对云服务器进行扩容磁盘、增加宽带。如果不再需要云服务器，也可以方便的释放资源，节省费用。<br />\r\n<br />\r\n云服务器ECS实例是一个虚拟的计算环境，包含了CPU、内存、操作系统、磁盘、带宽等最基础的服务器组件，是ECS提供给每个用户的操作实体。一个实例就等同于一台虚拟机，您对所创建的实例拥有管理员权限，可以随时登录进行使用和管理。您可以在实例上进行基本操作，如挂载磁盘、创建快照、创建镜像，部署环境等。<br />\r\n<div>\r\n	<br />\r\n</div>\r\n云服务器Elastic Compute Service(ECS)是阿里云提供的一种基础云计算服务。使用云服务器ECS就像使用水、电、煤气等资源一样便捷、高效。您无需提前采购硬件设备，而是根据业务需要，随时创建所需数量的云服务器实例，并在使用过程中，随着业务的扩展，对云服务器进行扩容磁盘、增加宽带。如果不再需要云服务器，也可以方便的释放资源，节省费用。<br />\r\n<br />\r\n云服务器ECS实例是一个虚拟的计算环境，包含了CPU、内存、操作系统、磁盘、带宽等最基础的服务器组件，是ECS提供给每个用户的操作实体。一个实例就等同于一台虚拟机，您对所创建的实例拥有管理员权限，可以随时登录进行使用和管理。您可以在实例上进行基本操作，如挂载磁盘、创建快照、创建镜像，部署环境等。<br />\r\n<div>\r\n	<br />\r\n</div>\r\n云服务器Elastic Compute Service(ECS)是阿里云提供的一种基础云计算服务。使用云服务器ECS就像使用水、电、煤气等资源一样便捷、高效。您无需提前采购硬件设备，而是根据业务需要，随时创建所需数量的云服务器实例，并在使用过程中，随着业务的扩展，对云服务器进行扩容磁盘、增加宽带。如果不再需要云服务器，也可以方便的释放资源，节省费用。<br />\r\n<br />\r\n云服务器ECS实例是一个虚拟的计算环境，包含了CPU、内存、操作系统、磁盘、带宽等最基础的服务器组件，是ECS提供给每个用户的操作实体。一个实例就等同于一台虚拟机，您对所创建的实例拥有管理员权限，可以随时登录进行使用和管理。您可以在实例上进行基本操作，如挂载磁盘、创建快照、创建镜像，部署环境等。<br />\r\n<div>\r\n	<br />\r\n</div>','',0,0),(54,0,'<p>\r\n	<span>云服务器ECS实例是一个虚拟的计算环境，包含了CPU、内存、操作系统、磁盘、带宽等最基础的服务器组件，是ECS提供给每个用户的操作实体。一个实例就等同于一台虚拟机，您对所创建的实例拥有管理员权限</span><span>云服务器ECS实例是一个虚拟的计算环境，包含了CPU、内存、操作系统、磁盘、带宽等最基础的服务器组件，是ECS提供给每个用户的操作实体。一个实例就等同于一台虚拟机，您对所创建的实例拥有管理员权限</span><span>云服务器ECS实例是一个虚拟的计算环境，包含了CPU、内存、操作系统、磁盘、带宽等最基础的服务器组件，是ECS提供给每个用户的操作实体。一个实例就等同于一台虚拟机，您对所创建的实例拥有管理员权限</span><span>云服务器ECS实例是一个虚拟的计算环境，包含了CPU、内存、操作系统、磁盘、带宽等最基础的服务器组件，是ECS提供给每个用户的操作实体。一个实例就等同于一台虚拟机，您对所创建的实例拥有管理员权限</span><span>云服务器ECS实例是一个虚拟的计算环境，包含了CPU、内存、操作系统、磁盘、带宽等最基础的服务器组件，是ECS提供给每个用户的操作实体。一个实例就等同于一台虚拟机，您对所创建的实例拥有管理员权限</span><span>云服务器ECS实例是一个虚拟的计算环境，包含了CPU、内存、操作系统、磁盘、带宽等最基础的服务器组件，是ECS提供给每个用户的操作实体。一个实例就等同于一台虚拟机，您对所创建的实例拥有管理员权限</span><span>云服务器ECS实例是一个虚拟的计算环境，包含了CPU、内存、操作系统、磁盘、带宽等最基础的服务器组件，是ECS提供给每个用户的操作实体。一个实例就等同于一台虚拟机，您对所创建的实例拥有管理员权限</span><span>云服务器ECS实例是一个虚拟的计算环境，包含了CPU、内存、操作系统、磁盘、带宽等最基础的服务器组件，是ECS提供给每个用户的操作实体。一个实例就等同于一台虚拟机，您对所创建的实例拥有管理员权限</span> \r\n</p>\r\n<p>\r\n	<span><span>云服务器ECS实例是一个虚拟的计算环境，包含了CPU、内存、操作系统、磁盘、带宽等最基础的服务器组件，是ECS提供给每个用户的操作实体。一个实例就等同于一台虚拟机，您对所创建的实例拥有管理员权限</span><span>云服务器ECS实例是一个虚拟的计算环境，包含了CPU、内存、操作系统、磁盘、带宽等最基础的服务器组件，是ECS提供给每个用户的操作实体。一个实例就等同于一台虚拟机，您对所创建的实例拥有管理员权限</span><span>云服务器ECS实例是一个虚拟的计算环境，包含了CPU、内存、操作系统、磁盘、带宽等最基础的服务器组件，是ECS提供给每个用户的操作实体。一个实例就等同于一台虚拟机，您对所创建的实例拥有管理员权限</span></span> \r\n</p>\r\n<p>\r\n	<span><span>云服务器ECS实例是一个虚拟的计算环境，包含了CPU、内存、操作系统、磁盘、带宽等最基础的服务器组件，是ECS提供给每个用户的操作实体。一个实例就等同于一台虚拟机，您对所创建的实例拥有管理员权限</span></span> \r\n</p>\r\n<p>\r\n	<span><span>云服务器ECS实例是一个虚拟的计算环境，包含了CPU、内存、操作系统、磁盘、带宽等最基础的服务器组件，是ECS提供给每个用户的操作实体。一个实例就等同于一台虚拟机，您对所创建的实例拥有管理员权限</span><br />\r\n</span> \r\n</p>','',0,0),(55,0,'云服务器Elastic Compute Service(ECS)是阿里云提供的一种基础云计算服务。使用云服务器ECS就像使用水、电、煤气等资源一样便捷、高效。您无需提前采购硬件设备，而是根据业务需要，随时创建所需数量的云服务器实例，并在使用过程中，随着业务的扩展，对云服务器进行扩容磁盘、增加宽带。如果不再需要云服务器，也可以方便的释放资源，节省费用。<br />\r\n<br />\r\n云服务器ECS实例是一个虚拟的计算环境，包含了CPU、内存、操作系统、磁盘、带宽等最基础的服务器组件，是ECS提供给每个用户的操作实体。一个实例就等同于一台虚拟机，您对所创建的实例拥有管理员权限，可以随时登录进行使用和管理。您可以在实例上进行基本操作，如挂载磁盘、创建快照、创建镜像，部署环境等。<br />\r\n<div>\r\n	<br />\r\n</div>\r\n云服务器Elastic Compute Service(ECS)是阿里云提供的一种基础云计算服务。使用云服务器ECS就像使用水、电、煤气等资源一样便捷、高效。您无需提前采购硬件设备，而是根据业务需要，随时创建所需数量的云服务器实例，并在使用过程中，随着业务的扩展，对云服务器进行扩容磁盘、增加宽带。如果不再需要云服务器，也可以方便的释放资源，节省费用。<br />\r\n<br />\r\n云服务器ECS实例是一个虚拟的计算环境，包含了CPU、内存、操作系统、磁盘、带宽等最基础的服务器组件，是ECS提供给每个用户的操作实体。一个实例就等同于一台虚拟机，您对所创建的实例拥有管理员权限，可以随时登录进行使用和管理。您可以在实例上进行基本操作，如挂载磁盘、创建快照、创建镜像，部署环境等。<br />\r\n<div>\r\n	<br />\r\n</div>\r\n云服务器Elastic Compute Service(ECS)是阿里云提供的一种基础云计算服务。使用云服务器ECS就像使用水、电、煤气等资源一样便捷、高效。您无需提前采购硬件设备，而是根据业务需要，随时创建所需数量的云服务器实例，并在使用过程中，随着业务的扩展，对云服务器进行扩容磁盘、增加宽带。如果不再需要云服务器，也可以方便的释放资源，节省费用。<br />\r\n<br />\r\n云服务器ECS实例是一个虚拟的计算环境，包含了CPU、内存、操作系统、磁盘、带宽等最基础的服务器组件，是ECS提供给每个用户的操作实体。一个实例就等同于一台虚拟机，您对所创建的实例拥有管理员权限，可以随时登录进行使用和管理。您可以在实例上进行基本操作，如挂载磁盘、创建快照、创建镜像，部署环境等。<br />\r\n<div>\r\n	<br />\r\n</div>','',0,0),(56,0,'云服务器Elastic Compute Service(ECS)是阿里云提供的一种基础云计算服务。使用云服务器ECS就像使用水、电、煤气等资源一样便捷、高效。您无需提前采购硬件设备，而是根据业务需要，随时创建所需数量的云服务器实例，并在使用过程中，随着业务的扩展，对云服务器进行扩容磁盘、增加宽带。如果不再需要云服务器，也可以方便的释放资源，节省费用。<br />\r\n<br />\r\n云服务器ECS实例是一个虚拟的计算环境，包含了CPU、内存、操作系统、磁盘、带宽等最基础的服务器组件，是ECS提供给每个用户的操作实体。一个实例就等同于一台虚拟机，您对所创建的实例拥有管理员权限，可以随时登录进行使用和管理。您可以在实例上进行基本操作，如挂载磁盘、创建快照、创建镜像，部署环境等。<br />\r\n<div>\r\n	<br />\r\n</div>\r\n云服务器Elastic Compute Service(ECS)是阿里云提供的一种基础云计算服务。使用云服务器ECS就像使用水、电、煤气等资源一样便捷、高效。您无需提前采购硬件设备，而是根据业务需要，随时创建所需数量的云服务器实例，并在使用过程中，随着业务的扩展，对云服务器进行扩容磁盘、增加宽带。如果不再需要云服务器，也可以方便的释放资源，节省费用。<br />\r\n<br />\r\n云服务器ECS实例是一个虚拟的计算环境，包含了CPU、内存、操作系统、磁盘、带宽等最基础的服务器组件，是ECS提供给每个用户的操作实体。一个实例就等同于一台虚拟机，您对所创建的实例拥有管理员权限，可以随时登录进行使用和管理。您可以在实例上进行基本操作，如挂载磁盘、创建快照、创建镜像，部署环境等。<br />\r\n<div>\r\n	<br />\r\n</div>\r\n云服务器Elastic Compute Service(ECS)是阿里云提供的一种基础云计算服务。使用云服务器ECS就像使用水、电、煤气等资源一样便捷、高效。您无需提前采购硬件设备，而是根据业务需要，随时创建所需数量的云服务器实例，并在使用过程中，随着业务的扩展，对云服务器进行扩容磁盘、增加宽带。如果不再需要云服务器，也可以方便的释放资源，节省费用。<br />\r\n<br />\r\n云服务器ECS实例是一个虚拟的计算环境，包含了CPU、内存、操作系统、磁盘、带宽等最基础的服务器组件，是ECS提供给每个用户的操作实体。一个实例就等同于一台虚拟机，您对所创建的实例拥有管理员权限，可以随时登录进行使用和管理。您可以在实例上进行基本操作，如挂载磁盘、创建快照、创建镜像，部署环境等。<br />\r\n<div>\r\n	<br />\r\n</div>','',0,0),(57,0,'云服务器Elastic Compute Service(ECS)是阿里云提供的一种基础云计算服务。使用云服务器ECS就像使用水、电、煤气等资源一样便捷、高效。您无需提前采购硬件设备，而是根据业务需要，随时创建所需数量的云服务器实例，并在使用过程中，随着业务的扩展，对云服务器进行扩容磁盘、增加宽带。如果不再需要云服务器，也可以方便的释放资源，节省费用。<br />\r\n<br />\r\n<p>\r\n	云服务器ECS实例是一个虚拟的计算环境，包含了CPU、内存、操作系统、磁盘、带宽等最基础的服务器组件，是ECS提供给每个用户的操作实体。一个实例就等同于一台虚拟机，您对所创建的实例拥有管理员权限，可以随时登录进行使用和管理。您可以在实例上进行基本操作，如挂载磁盘、创建快照、创建镜像，部署环境等。\r\n</p>\r\n<p>\r\n	云服务器Elastic Compute Service(ECS)是阿里云提供的一种基础云计算服务。使用云服务器ECS就像使用水、电、煤气等资源一样便捷、高效。您无需提前采购硬件设备，而是根据业务需要，随时创建所需数量的云服务器实例，并在使用过程中，随着业务的扩展，对云服务器进行扩容磁盘、增加宽带。如果不再需要云服务器，也可以方便的释放资源，节省费用。<br />\r\n<br />\r\n云服务器ECS实例是一个虚拟的计算环境，包含了CPU、内存、操作系统、磁盘、带宽等最基础的服务器组件，是ECS提供给每个用户的操作实体。一个实例就等同于一台虚拟机，您对所创建的实例拥有管理员权限，可以随时登录进行使用和管理。您可以在实例上进行基本操作，如挂载磁盘、创建快照、创建镜像，部署环境等。<br />\r\n</p>','',0,0),(58,0,'云服务器Elastic Compute Service(ECS)是阿里云提供的一种基础云计算服务。使用云服务器ECS就像使用水、电、煤气等资源一样便捷、高效。您无需提前采购硬件设备，而是根据业务需要，随时创建所需数量的云服务器实例，并在使用过程中，随着业务的扩展，对云服务器进行扩容磁盘、增加宽带。如果不再需要云服务器，也可以方便的释放资源，节省费用。<br />\r\n<br />\r\n<p>\r\n	云服务器ECS实例是一个虚拟的计算环境，包含了CPU、内存、操作系统、磁盘、带宽等最基础的服务器组件，是ECS提供给每个用户的操作实体。一个实例就等同于一台虚拟机，您对所创建的实例拥有管理员权限，可以随时登录进行使用和管理。您可以在实例上进行基本操作，如挂载磁盘、创建快照、创建镜像，部署环境等。\r\n</p>\r\n<p>\r\n	云服务器Elastic Compute Service(ECS)是阿里云提供的一种基础云计算服务。使用云服务器ECS就像使用水、电、煤气等资源一样便捷、高效。您无需提前采购硬件设备，而是根据业务需要，随时创建所需数量的云服务器实例，并在使用过程中，随着业务的扩展，对云服务器进行扩容磁盘、增加宽带。如果不再需要云服务器，也可以方便的释放资源，节省费用。<br />\r\n<br />\r\n云服务器ECS实例是一个虚拟的计算环境，包含了CPU、内存、操作系统、磁盘、带宽等最基础的服务器组件，是ECS提供给每个用户的操作实体。一个实例就等同于一台虚拟机，您对所创建的实例拥有管理员权限，可以随时登录进行使用和管理。您可以在实例上进行基本操作，如挂载磁盘、创建快照、创建镜像，部署环境等。<br />\r\n</p>','',0,0),(59,0,'云服务器Elastic Compute Service(ECS)是阿里云提供的一种基础云计算服务。使用云服务器ECS就像使用水、电、煤气等资源一样便捷、高效。您无需提前采购硬件设备，而是根据业务需要，随时创建所需数量的云服务器实例，并在使用过程中，随着业务的扩展，对云服务器进行扩容磁盘、增加宽带。如果不再需要云服务器，也可以方便的释放资源，节省费用。<br />\r\n<br />\r\n<p>\r\n	云服务器ECS实例是一个虚拟的计算环境，包含了CPU、内存、操作系统、磁盘、带宽等最基础的服务器组件，是ECS提供给每个用户的操作实体。一个实例就等同于一台虚拟机，您对所创建的实例拥有管理员权限，可以随时登录进行使用和管理。您可以在实例上进行基本操作，如挂载磁盘、创建快照、创建镜像，部署环境等。\r\n</p>\r\n<p>\r\n	云服务器Elastic Compute Service(ECS)是阿里云提供的一种基础云计算服务。使用云服务器ECS就像使用水、电、煤气等资源一样便捷、高效。您无需提前采购硬件设备，而是根据业务需要，随时创建所需数量的云服务器实例，并在使用过程中，随着业务的扩展，对云服务器进行扩容磁盘、增加宽带。如果不再需要云服务器，也可以方便的释放资源，节省费用。<br />\r\n<br />\r\n云服务器ECS实例是一个虚拟的计算环境，包含了CPU、内存、操作系统、磁盘、带宽等最基础的服务器组件，是ECS提供给每个用户的操作实体。一个实例就等同于一台虚拟机，您对所创建的实例拥有管理员权限，可以随时登录进行使用和管理。您可以在实例上进行基本操作，如挂载磁盘、创建快照、创建镜像，部署环境等。<br />\r\n</p>','',0,0),(60,0,'云服务器Elastic Compute Service(ECS)是阿里云提供的一种基础云计算服务。使用云服务器ECS就像使用水、电、煤气等资源一样便捷、高效。您无需提前采购硬件设备，而是根据业务需要，随时创建所需数量的云服务器实例，并在使用过程中，随着业务的扩展，对云服务器进行扩容磁盘、增加宽带。如果不再需要云服务器，也可以方便的释放资源，节省费用。<br />\r\n<br />\r\n<p>\r\n	云服务器ECS实例是一个虚拟的计算环境，包含了CPU、内存、操作系统、磁盘、带宽等最基础的服务器组件，是ECS提供给每个用户的操作实体。一个实例就等同于一台虚拟机，您对所创建的实例拥有管理员权限，可以随时登录进行使用和管理。您可以在实例上进行基本操作，如挂载磁盘、创建快照、创建镜像，部署环境等。\r\n</p>\r\n<p>\r\n	云服务器Elastic Compute Service(ECS)是阿里云提供的一种基础云计算服务。使用云服务器ECS就像使用水、电、煤气等资源一样便捷、高效。您无需提前采购硬件设备，而是根据业务需要，随时创建所需数量的云服务器实例，并在使用过程中，随着业务的扩展，对云服务器进行扩容磁盘、增加宽带。如果不再需要云服务器，也可以方便的释放资源，节省费用。<br />\r\n<br />\r\n云服务器ECS实例是一个虚拟的计算环境，包含了CPU、内存、操作系统、磁盘、带宽等最基础的服务器组件，是ECS提供给每个用户的操作实体。一个实例就等同于一台虚拟机，您对所创建的实例拥有管理员权限，可以随时登录进行使用和管理。您可以在实例上进行基本操作，如挂载磁盘、创建快照、创建镜像，部署环境等。<br />\r\n</p>','',0,0),(61,0,'服务器Elastic Compute Service(ECS)是阿里云提供的一种基础云计算服务。使用云服务器ECS就像使用水、电、煤气等资源一样便捷、高效。您无需提前采购硬件设备，而是根据业务需要，随时创建所需数量的云服务器实例，并在使用过程中，随着业务的扩展，对云服务器进行扩容磁盘、增加宽带。如果不再需要云服务器，也可以方便的释放资源，节省费用。<br />\r\n<br />\r\n云服务器ECS实例是一个虚拟的计算环境，包含了CPU、内存、操作系统、磁盘、带宽等最基础的服务器组件，是ECS提供给每个用户的操作实体。一个实例就等同于一台虚拟机，您对所创建的实例拥有管理员权限，可以随时登录进行使用和管理。您可以在实例上进行基本操作，如挂载磁盘、创建快照、创建镜像，部署环境等<br />\r\n服务器Elastic Compute Service(ECS)是阿里云提供的一种基础云计算服务。使用云服务器ECS就像使用水、电、煤气等资源一样便捷、高效。您无需提前采购硬件设备，而是根据业务需要，随时创建所需数量的云服务器实例，并在使用过程中，随着业务的扩展，对云服务器进行扩容磁盘、增加宽带。如果不再需要云服务器，也可以方便的释放资源，节省费用。<br />\r\n<br />\r\n云服务器ECS实例是一个虚拟的计算环境，包含了CPU、内存、操作系统、磁盘、带宽等最基础的服务器组件，是ECS提供给每个用户的操作实体。一个实例就等同于一台虚拟机，您对所创建的实例拥有管理员权限，可以随时登录进行使用和管理。您可以在实例上进行基本操作，如挂载磁盘、创建快照、创建镜像，部署环境等<br />','',0,0),(62,0,'服务器Elastic Compute Service(ECS)是阿里云提供的一种基础云计算服务。使用云服务器ECS就像使用水、电、煤气等资源一样便捷、高效。您无需提前采购硬件设备，而是根据业务需要，随时创建所需数量的云服务器实例，并在使用过程中，随着业务的扩展，对云服务器进行扩容磁盘、增加宽带。如果不再需要云服务器，也可以方便的释放资源，节省费用。<br />\r\n<br />\r\n云服务器ECS实例是一个虚拟的计算环境，包含了CPU、内存、操作系统、磁盘、带宽等最基础的服务器组件，是ECS提供给每个用户的操作实体。一个实例就等同于一台虚拟机，您对所创建的实例拥有管理员权限，可以随时登录进行使用和管理。您可以在实例上进行基本操作，如挂载磁盘、创建快照、创建镜像，部署环境等<br />\r\n服务器Elastic Compute Service(ECS)是阿里云提供的一种基础云计算服务。使用云服务器ECS就像使用水、电、煤气等资源一样便捷、高效。您无需提前采购硬件设备，而是根据业务需要，随时创建所需数量的云服务器实例，并在使用过程中，随着业务的扩展，对云服务器进行扩容磁盘、增加宽带。如果不再需要云服务器，也可以方便的释放资源，节省费用。<br />\r\n<br />\r\n云服务器ECS实例是一个虚拟的计算环境，包含了CPU、内存、操作系统、磁盘、带宽等最基础的服务器组件，是ECS提供给每个用户的操作实体。一个实例就等同于一台虚拟机，您对所创建的实例拥有管理员权限，可以随时登录进行使用和管理。您可以在实例上进行基本操作，如挂载磁盘、创建快照、创建镜像，部署环境等<br />','',0,0),(63,0,'服务器Elastic Compute Service(ECS)是阿里云提供的一种基础云计算服务。使用云服务器ECS就像使用水、电、煤气等资源一样便捷、高效。您无需提前采购硬件设备，而是根据业务需要，随时创建所需数量的云服务器实例，并在使用过程中，随着业务的扩展，对云服务器进行扩容磁盘、增加宽带。如果不再需要云服务器，也可以方便的释放资源，节省费用。<br />\r\n<br />\r\n云服务器ECS实例是一个虚拟的计算环境，包含了CPU、内存、操作系统、磁盘、带宽等最基础的服务器组件，是ECS提供给每个用户的操作实体。一个实例就等同于一台虚拟机，您对所创建的实例拥有管理员权限，可以随时登录进行使用和管理。您可以在实例上进行基本操作，如挂载磁盘、创建快照、创建镜像，部署环境等<br />\r\n服务器Elastic Compute Service(ECS)是阿里云提供的一种基础云计算服务。使用云服务器ECS就像使用水、电、煤气等资源一样便捷、高效。您无需提前采购硬件设备，而是根据业务需要，随时创建所需数量的云服务器实例，并在使用过程中，随着业务的扩展，对云服务器进行扩容磁盘、增加宽带。如果不再需要云服务器，也可以方便的释放资源，节省费用。<br />\r\n<br />\r\n云服务器ECS实例是一个虚拟的计算环境，包含了CPU、内存、操作系统、磁盘、带宽等最基础的服务器组件，是ECS提供给每个用户的操作实体。一个实例就等同于一台虚拟机，您对所创建的实例拥有管理员权限，可以随时登录进行使用和管理。您可以在实例上进行基本操作，如挂载磁盘、创建快照、创建镜像，部署环境等<br />\r\n服务器Elastic Compute Service(ECS)是阿里云提供的一种基础云计算服务。使用云服务器ECS就像使用水、电、煤气等资源一样便捷、高效。您无需提前采购硬件设备，而是根据业务需要，随时创建所需数量的云服务器实例，并在使用过程中，随着业务的扩展，对云服务器进行扩容磁盘、增加宽带。如果不再需要云服务器，也可以方便的释放资源，节省费用。<br />\r\n<br />\r\n云服务器ECS实例是一个虚拟的计算环境，包含了CPU、内存、操作系统、磁盘、带宽等最基础的服务器组件，是ECS提供给每个用户的操作实体。一个实例就等同于一台虚拟机，您对所创建的实例拥有管理员权限，可以随时登录进行使用和管理。您可以在实例上进行基本操作，如挂载磁盘、创建快照、创建镜像，部署环境等<br />','',0,0),(64,0,'服务器Elastic Compute Service(ECS)是阿里云提供的一种基础云计算服务。使用云服务器ECS就像使用水、电、煤气等资源一样便捷、高效。您无需提前采购硬件设备，而是根据业务需要，随时创建所需数量的云服务器实例，并在使用过程中，随着业务的扩展，对云服务器进行扩容磁盘、增加宽带。如果不再需要云服务器，也可以方便的释放资源，节省费用。<br />\r\n<br />\r\n云服务器ECS实例是一个虚拟的计算环境，包含了CPU、内存、操作系统、磁盘、带宽等最基础的服务器组件，是ECS提供给每个用户的操作实体。一个实例就等同于一台虚拟机，您对所创建的实例拥有管理员权限，可以随时登录进行使用和管理。您可以在实例上进行基本操作，如挂载磁盘、创建快照、创建镜像，部署环境等<br />\r\n服务器Elastic Compute Service(ECS)是阿里云提供的一种基础云计算服务。使用云服务器ECS就像使用水、电、煤气等资源一样便捷、高效。您无需提前采购硬件设备，而是根据业务需要，随时创建所需数量的云服务器实例，并在使用过程中，随着业务的扩展，对云服务器进行扩容磁盘、增加宽带。如果不再需要云服务器，也可以方便的释放资源，节省费用。<br />\r\n<br />\r\n云服务器ECS实例是一个虚拟的计算环境，包含了CPU、内存、操作系统、磁盘、带宽等最基础的服务器组件，是ECS提供给每个用户的操作实体。一个实例就等同于一台虚拟机，您对所创建的实例拥有管理员权限，可以随时登录进行使用和管理。您可以在实例上进行基本操作，如挂载磁盘、创建快照、创建镜像，部署环境等<br />\r\n服务器Elastic Compute Service(ECS)是阿里云提供的一种基础云计算服务。使用云服务器ECS就像使用水、电、煤气等资源一样便捷、高效。您无需提前采购硬件设备，而是根据业务需要，随时创建所需数量的云服务器实例，并在使用过程中，随着业务的扩展，对云服务器进行扩容磁盘、增加宽带。如果不再需要云服务器，也可以方便的释放资源，节省费用。<br />\r\n<br />\r\n云服务器ECS实例是一个虚拟的计算环境，包含了CPU、内存、操作系统、磁盘、带宽等最基础的服务器组件，是ECS提供给每个用户的操作实体。一个实例就等同于一台虚拟机，您对所创建的实例拥有管理员权限，可以随时登录进行使用和管理。您可以在实例上进行基本操作，如挂载磁盘、创建快照、创建镜像，部署环境等<br />','',0,0),(65,0,'服务器Elastic Compute Service(ECS)是阿里云提供的一种基础云计算服务。使用云服务器ECS就像使用水、电、煤气等资源一样便捷、高效。您无需提前采购硬件设备，而是根据业务需要，随时创建所需数量的云服务器实例，并在使用过程中，随着业务的扩展，对云服务器进行扩容磁盘、增加宽带。如果不再需要云服务器，也可以方便的释放资源，节省费用。<br />\r\n<br />\r\n云服务器ECS实例是一个虚拟的计算环境，包含了CPU、内存、操作系统、磁盘、带宽等最基础的服务器组件，是ECS提供给每个用户的操作实体。一个实例就等同于一台虚拟机，您对所创建的实例拥有管理员权限，可以随时登录进行使用和管理。您可以在实例上进行基本操作，如挂载磁盘、创建快照、创建镜像，部署环境等<br />\r\n服务器Elastic Compute Service(ECS)是阿里云提供的一种基础云计算服务。使用云服务器ECS就像使用水、电、煤气等资源一样便捷、高效。您无需提前采购硬件设备，而是根据业务需要，随时创建所需数量的云服务器实例，并在使用过程中，随着业务的扩展，对云服务器进行扩容磁盘、增加宽带。如果不再需要云服务器，也可以方便的释放资源，节省费用。<br />\r\n<br />\r\n云服务器ECS实例是一个虚拟的计算环境，包含了CPU、内存、操作系统、磁盘、带宽等最基础的服务器组件，是ECS提供给每个用户的操作实体。一个实例就等同于一台虚拟机，您对所创建的实例拥有管理员权限，可以随时登录进行使用和管理。您可以在实例上进行基本操作，如挂载磁盘、创建快照、创建镜像，部署环境等<br />','',0,0),(66,0,'服务器Elastic Compute Service(ECS)是阿里云提供的一种基础云计算服务。使用云服务器ECS就像使用水、电、煤气等资源一样便捷、高效。您无需提前采购硬件设备，而是根据业务需要，随时创建所需数量的云服务器实例，并在使用过程中，随着业务的扩展，对云服务器进行扩容磁盘、增加宽带。如果不再需要云服务器，也可以方便的释放资源，节省费用。<br />\r\n<br />\r\n云服务器ECS实例是一个虚拟的计算环境，包含了CPU、内存、操作系统、磁盘、带宽等最基础的服务器组件，是ECS提供给每个用户的操作实体。一个实例就等同于一台虚拟机，您对所创建的实例拥有管理员权限，可以随时登录进行使用和管理。您可以在实例上进行基本操作，如挂载磁盘、创建快照、创建镜像，部署环境等<br />\r\n服务器Elastic Compute Service(ECS)是阿里云提供的一种基础云计算服务。使用云服务器ECS就像使用水、电、煤气等资源一样便捷、高效。您无需提前采购硬件设备，而是根据业务需要，随时创建所需数量的云服务器实例，并在使用过程中，随着业务的扩展，对云服务器进行扩容磁盘、增加宽带。如果不再需要云服务器，也可以方便的释放资源，节省费用。<br />\r\n<br />\r\n云服务器ECS实例是一个虚拟的计算环境，包含了CPU、内存、操作系统、磁盘、带宽等最基础的服务器组件，是ECS提供给每个用户的操作实体。一个实例就等同于一台虚拟机，您对所创建的实例拥有管理员权限，可以随时登录进行使用和管理。您可以在实例上进行基本操作，如挂载磁盘、创建快照、创建镜像，部署环境等<br />','',0,0),(67,0,'服务器Elastic Compute Service(ECS)是阿里云提供的一种基础云计算服务。使用云服务器ECS就像使用水、电、煤气等资源一样便捷、高效。您无需提前采购硬件设备，而是根据业务需要，随时创建所需数量的云服务器实例，并在使用过程中，随着业务的扩展，对云服务器进行扩容磁盘、增加宽带。如果不再需要云服务器，也可以方便的释放资源，节省费用。<br />\r\n<br />\r\n云服务器ECS实例是一个虚拟的计算环境，包含了CPU、内存、操作系统、磁盘、带宽等最基础的服务器组件，是ECS提供给每个用户的操作实体。一个实例就等同于一台虚拟机，您对所创建的实例拥有管理员权限，可以随时登录进行使用和管理。您可以在实例上进行基本操作，如挂载磁盘、创建快照、创建镜像，部署环境等<br />\r\n服务器Elastic Compute Service(ECS)是阿里云提供的一种基础云计算服务。使用云服务器ECS就像使用水、电、煤气等资源一样便捷、高效。您无需提前采购硬件设备，而是根据业务需要，随时创建所需数量的云服务器实例，并在使用过程中，随着业务的扩展，对云服务器进行扩容磁盘、增加宽带。如果不再需要云服务器，也可以方便的释放资源，节省费用。<br />\r\n<br />\r\n云服务器ECS实例是一个虚拟的计算环境，包含了CPU、内存、操作系统、磁盘、带宽等最基础的服务器组件，是ECS提供给每个用户的操作实体。一个实例就等同于一台虚拟机，您对所创建的实例拥有管理员权限，可以随时登录进行使用和管理。您可以在实例上进行基本操作，如挂载磁盘、创建快照、创建镜像，部署环境等<br />','',0,0),(68,0,'服务器Elastic Compute Service(ECS)是阿里云提供的一种基础云计算服务。使用云服务器ECS就像使用水、电、煤气等资源一样便捷、高效。您无需提前采购硬件设备，而是根据业务需要，随时创建所需数量的云服务器实例，并在使用过程中，随着业务的扩展，对云服务器进行扩容磁盘、增加宽带。如果不再需要云服务器，也可以方便的释放资源，节省费用。<br />\r\n<br />\r\n云服务器ECS实例是一个虚拟的计算环境，包含了CPU、内存、操作系统、磁盘、带宽等最基础的服务器组件，是ECS提供给每个用户的操作实体。一个实例就等同于一台虚拟机，您对所创建的实例拥有管理员权限，可以随时登录进行使用和管理。您可以在实例上进行基本操作，如挂载磁盘、创建快照、创建镜像，部署环境等<br />\r\n服务器Elastic Compute Service(ECS)是阿里云提供的一种基础云计算服务。使用云服务器ECS就像使用水、电、煤气等资源一样便捷、高效。您无需提前采购硬件设备，而是根据业务需要，随时创建所需数量的云服务器实例，并在使用过程中，随着业务的扩展，对云服务器进行扩容磁盘、增加宽带。如果不再需要云服务器，也可以方便的释放资源，节省费用。<br />\r\n<br />\r\n云服务器ECS实例是一个虚拟的计算环境，包含了CPU、内存、操作系统、磁盘、带宽等最基础的服务器组件，是ECS提供给每个用户的操作实体。一个实例就等同于一台虚拟机，您对所创建的实例拥有管理员权限，可以随时登录进行使用和管理。您可以在实例上进行基本操作，如挂载磁盘、创建快照、创建镜像，部署环境等<br />','',0,0),(69,0,'服务器Elastic Compute Service(ECS)是阿里云提供的一种基础云计算服务。使用云服务器ECS就像使用水、电、煤气等资源一样便捷、高效。您无需提前采购硬件设备，而是根据业务需要，随时创建所需数量的云服务器实例，并在使用过程中，随着业务的扩展，对云服务器进行扩容磁盘、增加宽带。如果不再需要云服务器，也可以方便的释放资源，节省费用。<br />\r\n<br />\r\n云服务器ECS实例是一个虚拟的计算环境，包含了CPU、内存、操作系统、磁盘、带宽等最基础的服务器组件，是ECS提供给每个用户的操作实体。一个实例就等同于一台虚拟机，您对所创建的实例拥有管理员权限，可以随时登录进行使用和管理。您可以在实例上进行基本操作，如挂载磁盘、创建快照、创建镜像，部署环境等<br />\r\n服务器Elastic Compute Service(ECS)是阿里云提供的一种基础云计算服务。使用云服务器ECS就像使用水、电、煤气等资源一样便捷、高效。您无需提前采购硬件设备，而是根据业务需要，随时创建所需数量的云服务器实例，并在使用过程中，随着业务的扩展，对云服务器进行扩容磁盘、增加宽带。如果不再需要云服务器，也可以方便的释放资源，节省费用。<br />\r\n<br />\r\n云服务器ECS实例是一个虚拟的计算环境，包含了CPU、内存、操作系统、磁盘、带宽等最基础的服务器组件，是ECS提供给每个用户的操作实体。一个实例就等同于一台虚拟机，您对所创建的实例拥有管理员权限，可以随时登录进行使用和管理。您可以在实例上进行基本操作，如挂载磁盘、创建快照、创建镜像，部署环境等<br />\r\n服务器Elastic Compute Service(ECS)是阿里云提供的一种基础云计算服务。使用云服务器ECS就像使用水、电、煤气等资源一样便捷、高效。您无需提前采购硬件设备，而是根据业务需要，随时创建所需数量的云服务器实例，并在使用过程中，随着业务的扩展，对云服务器进行扩容磁盘、增加宽带。如果不再需要云服务器，也可以方便的释放资源，节省费用。<br />\r\n<br />\r\n云服务器ECS实例是一个虚拟的计算环境，包含了CPU、内存、操作系统、磁盘、带宽等最基础的服务器组件，是ECS提供给每个用户的操作实体。一个实例就等同于一台虚拟机，您对所创建的实例拥有管理员权限，可以随时登录进行使用和管理。您可以在实例上进行基本操作，如挂载磁盘、创建快照、创建镜像，部署环境等<br />','',0,0),(70,0,'<span style=\"color:#707070;font-family:微软雅黑;font-size:14px;\">营销型网站并不局限于商场类的网站，它拥有订单、成交、购买等性质，搜索引擎良好为表现、用户良好体验为标准，具备理解力</span><span style=\"color:#707070;font-family:微软雅黑;font-size:14px;\">营销型网站并不局限于商场类的网站，它拥有订单、成交、购买等性质，搜索引擎良好为表现、用户良好体验为标准，具备理解力</span><span style=\"color:#707070;font-family:微软雅黑;font-size:14px;\">营销型网站并不局限于商场类的网站，它拥有订单、成交、购买等性质，搜索引擎良好为表现、用户良好体验为标准，具备理解力</span><span style=\"color:#707070;font-family:微软雅黑;font-size:14px;\">营销型网站并不局限于商场类的网站，它拥有订单、成交、购买等性质，搜索引擎良好为表现、用户良好体验为标准，具备理解力</span><span style=\"color:#707070;font-family:微软雅黑;font-size:14px;\">营销型网站并不局限于商场类的网站，它拥有订单、成交、购买等性质，搜索引擎良好为表现、用户良好体验为标准，具备理解力</span>','',0,0),(71,0,'<span>营销型网站并不局限于商场类的网站，它拥有订单、成交、购买等性质，搜索引擎</span><span>良好为表现、用户良好体验为标准，具备理解力、信任力和行动力、符合目标客户</span><span>人群的喜好等特点。营销型企业网站是指可以为企业带来大量的意向客户，最终通</span><span>营销型网站</span>','',0,0),(72,0,'<span>营销型网站并不局限于商场类的网站，它拥有订单、成交、购买等性质，搜索引擎</span><span>良好为表现、用户良好体验为标准，具备理解力、信任力和行动力、符合目标客户</span><span>人群的喜好等特点。营销型企业网站是指可以为企业带来大量的意向客户，最终通</span><span>营销型网站</span>','',0,0),(73,0,'营销型网站并不局限于商场类的网站，它拥有订单、成交、购买等性质，搜索引擎良好为表现、用户良好体验为标准，具备理解力、信任力和行动力、符合目标客户人群的喜好等特点。营销型企业网站是指可以为企业带来大量的意向客户，最终通营销型网站<br />','',0,0),(74,0,'营销型网站并不局限于商场类的网站，它拥有订单、成交、购买等性质，搜索引擎良好为表现、用户良好体验为标准，具备理解力、信任力和行动力、符合目标客户人群的喜好等特点。营销型企业网站是指可以为企业带来大量的意向客户，最终通营销型网站<br />','',0,0),(75,0,'<span>营销型网站并不局限于商场类的网站，它拥有订单、成交、购买等性质，搜索引擎</span><span>良好为表现、用户良好体验为标准，具备理解力、信任力和行动力、符合目标客户</span><span>人群的喜好等特点。营销型企业网站是指可以为企业带来大量的意向客户，最终通</span><span>营销型网站</span>','',0,0),(76,0,'<span>营销型网站并不局限于商场类的网站，它拥有订单、成交、购买等性质，搜索引擎</span><span>良好为表现、用户良好体验为标准，具备理解力、信任力和行动力、符合目标客户</span><span>人群的喜好等特点。营销型企业网站是指可以为企业带来大量的意向客户，最终通</span><span>营销型网站</span>','',0,0),(77,0,'<span style=\"color:#707070;font-family:微软雅黑;font-size:14px;\">营销型网站并不局限于商场类的网站，它拥有订单、成交、购买等性质，搜索引擎良好为表现、用户良好体验为标准，具备理解力</span><span style=\"color:#707070;font-family:微软雅黑;font-size:14px;\">营销型网站并不局限于商场类的网站，它拥有订单、成交、购买等性质，搜索引擎良好为表现、用户良好体验为标准，具备理解力</span><span style=\"color:#707070;font-family:微软雅黑;font-size:14px;\">营销型网站并不局限于商场类的网站，它拥有订单、成交、购买等性质，搜索引擎良好为表现、用户良好体验为标准，具备理解力</span><span style=\"color:#707070;font-family:微软雅黑;font-size:14px;\">营销型网站并不局限于商场类的网站，它拥有订单、成交、购买等性质，搜索引擎良好为表现、用户良好体验为标准，具备理解力</span><span style=\"color:#707070;font-family:微软雅黑;font-size:14px;\">营销型网站并不局限于商场类的网站，它拥有订单、成交、购买等性质，搜索引擎良好为表现、用户良好体验为标准，具备理解力</span>','',0,0),(121,0,'<span>云服务器Elastic Compute Service(ECS)是阿里云提供的一种基础云计算服务。使用云服务器ECS就像使用水、电、煤气等资源一样便捷、高效。您无需提前采购硬件设备，而是根据业务需要，随时创建所需数量的云服务器实例，并在使用过程中，随着业务的扩展，对云服务器进行扩容磁盘、增加宽带。如果不再需要云服务器，也可以方便的释放资源，节省费用。云服务器ECS实例是一个虚拟的计算环境，包含了CPU、内存、操作系统、磁盘</span>','',0,7),(181,0,'啊是的噶速度','',0,0),(182,0,'<p>\r\n	法规辅导闪光灯\r\n</p>\r\n<p>\r\n	<br />\r\n</p>\r\n<p>\r\n	水电费水电费水电费分隔符\r\n</p>','',0,0),(184,0,'啊隧道股份撒点粉稍等','',0,0),(185,0,'<p>\r\n	<span>云服务器ECS实例是一个虚拟的计算环境，包含了CPU、内存、操作系统、磁盘、带宽等最基础的服务器组件，是ECS提供给每个用户的操作实体。一个实例就等同于一台虚拟机，您对所创建的实例拥有管理员权限</span><span>云服务器ECS实例是一个虚拟的计算环境，包含了CPU、内存、操作系统、磁盘、带宽等最基础的服务器组件，是ECS提供给每个用户的操作实体。一个实例就等同于一台虚拟机，您对所创建的实例拥有管理员权限</span><span>云服务器ECS实例是一个虚拟的计算环境，包含了CPU、内存、操作系统、磁盘、带宽等最基础的服务器组件，是ECS提供给每个用户的操作实体。一个实例就等同于一台虚拟机，您对所创建的实例拥有管理员权限</span><span>云服务器ECS实例是一个虚拟的计算环境，包含了CPU、内存、操作系统、磁盘、带宽等最基础的服务器组件，是ECS提供给每个用户的操作实体。一个实例就等同于一台虚拟机，您对所创建的实例拥有管理员权限</span><span>云服务器ECS实例是一个虚拟的计算环境，包含了CPU、内存、操作系统、磁盘、带宽等最基础的服务器组件，是ECS提供给每个用户的操作实体。一个实例就等同于一台虚拟机，您对所创建的实例拥有管理员权限</span><span>云服务器ECS实例是一个虚拟的计算环境，包含了CPU、内存、操作系统、磁盘、带宽等最基础的服务器组件，是ECS提供给每个用户的操作实体。一个实例就等同于一台虚拟机，您对所创建的实例拥有管理员权限</span><span>云服务器ECS实例是一个虚拟的计算环境，包含了CPU、内存、操作系统、磁盘、带宽等最基础的服务器组件，是ECS提供给每个用户的操作实体。一个实例就等同于一台虚拟机，您对所创建的实例拥有管理员权限</span><span>云服务器ECS实例是一个虚拟的计算环境，包含了CPU、内存、操作系统、磁盘、带宽等最基础的服务器组件，是ECS提供给每个用户的操作实体。一个实例就等同于一台虚拟机，您对所创建的实例拥有管理员权限</span> \r\n</p>\r\n<p>\r\n	<span><span>云服务器ECS实例是一个虚拟的计算环境，包含了CPU、内存、操作系统、磁盘、带宽等最基础的服务器组件，是ECS提供给每个用户的操作实体。一个实例就等同于一台虚拟机，您对所创建的实例拥有管理员权限</span><span>云服务器ECS实例是一个虚拟的计算环境，包含了CPU、内存、操作系统、磁盘、带宽等最基础的服务器组件，是ECS提供给每个用户的操作实体。一个实例就等同于一台虚拟机，您对所创建的实例拥有管理员权限</span><span>云服务器ECS实例是一个虚拟的计算环境，包含了CPU、内存、操作系统、磁盘、带宽等最基础的服务器组件，是ECS提供给每个用户的操作实体。一个实例就等同于一台虚拟机，您对所创建的实例拥有管理员权限</span></span> \r\n</p>\r\n<p>\r\n	<span><span>云服务器ECS实例是一个虚拟的计算环境，包含了CPU、内存、操作系统、磁盘、带宽等最基础的服务器组件，是ECS提供给每个用户的操作实体。一个实例就等同于一台虚拟机，您对所创建的实例拥有管理员权限</span></span> \r\n</p>\r\n<p>\r\n	<span><span>云服务器ECS实例是一个虚拟的计算环境，包含了CPU、内存、操作系统、磁盘、带宽等最基础的服务器组件，是ECS提供给每个用户的操作实体。一个实例就等同于一台虚拟机，您对所创建的实例拥有管理员权限</span><br />\r\n</span> \r\n</p>','',0,0),(123,0,'<span>云服务器Elastic Compute Service(ECS)是阿里云提供的一种基础云计算服务。使用云服务器ECS就像使用水、电、煤气等资源一样便捷、高效。您无需提前采购硬件设备，而是根据业务需要，随时创建所需数量的云服务器实例，并在使用过程中，随着业务的扩展，对云服务器进行扩容磁盘、增加宽带。如果不再需要云服务器，也可以方便的释放资源，节省费用。云服务器ECS实例是一个虚拟的计算环境，包含了CPU、内存、操作系统、磁盘</span>','',0,7),(124,0,'<span>云服务器Elastic Compute Service(ECS)是阿里云提供的一种基础云计算服务。使用云服务器ECS就像使用水、电、煤气等资源一样便捷、高效。您无需提前采购硬件设备，而是根据业务需要，随时创建所需数量的云服务器实例，并在使用过程中，随着业务的扩展，对云服务器进行扩容磁盘、增加宽带。如果不再需要云服务器，也可以方便的释放资源，节省费用。云服务器ECS实例是一个虚拟的计算环境，包含了CPU、内存、操作系统、磁盘</span>','',0,7),(125,0,'<span>云服务器Elastic Compute Service(ECS)是阿里云提供的一种基础云计算服务。使用云服务器ECS就像使用水、电、煤气等资源一样便捷、高效。您无需提前采购硬件设备，而是根据业务需要，随时创建所需数量的云服务器实例，并在使用过程中，随着业务的扩展，对云服务器进行扩容磁盘、增加宽带。如果不再需要云服务器，也可以方便的释放资源，节省费用。云服务器ECS实例是一个虚拟的计算环境，包含了CPU、内存、操作系统、磁盘</span>','',0,7),(126,0,'<span>云服务器Elastic Compute Service(ECS)是阿里云提供的一种基础云计算服务。使用云服务器ECS就像使用水、电、煤气等资源一样便捷、高效。您无需提前采购硬件设备，而是根据业务需要，随时创建所需数量的云服务器实例，并在使用过程中，随着业务的扩展，对云服务器进行扩容磁盘、增加宽带。如果不再需要云服务器，也可以方便的释放资源，节省费用。云服务器ECS实例是一个虚拟的计算环境，包含了CPU、内存、操作系统、磁盘</span>','',0,7),(127,0,'<span>云服务器Elastic Compute Service(ECS)是阿里云提供的一种基础云计算服务。使用云服务器ECS就像使用水、电、煤气等资源一样便捷、高效。您无需提前采购硬件设备，而是根据业务需要，随时创建所需数量的云服务器实例，并在使用过程中，随着业务的扩展，对云服务器进行扩容磁盘、增加宽带。如果不再需要云服务器，也可以方便的释放资源，节省费用。云服务器ECS实例是一个虚拟的计算环境，包含了CPU、内存、操作系统、磁盘</span>','',0,7),(128,0,'<span>云服务器Elastic Compute Service(ECS)是阿里云提供的一种基础云计算服务。使用云服务器ECS就像使用水、电、煤气等资源一样便捷、高效。您无需提前采购硬件设备，而是根据业务需要，随时创建所需数量的云服务器实例，并在使用过程中，随着业务的扩展，对云服务器进行扩容磁盘、增加宽带。如果不再需要云服务器，也可以方便的释放资源，节省费用。云服务器ECS实例是一个虚拟的计算环境，包含了CPU、内存、操作系统、磁盘</span>','',0,7),(129,0,'<span>云服务器Elastic Compute Service(ECS)是阿里云提供的一种基础云计算服务。使用云服务器ECS就像使用水、电、煤气等资源一样便捷、高效。您无需提前采购硬件设备，而是根据业务需要，随时创建所需数量的云服务器实例，并在使用过程中，随着业务的扩展，对云服务器进行扩容磁盘、增加宽带。如果不再需要云服务器，也可以方便的释放资源，节省费用。云服务器ECS实例是一个虚拟的计算环境，包含了CPU、内存、操作系统、磁盘</span>','',0,7),(180,0,'<p>\r\n	啊噶撒地方撒地方s撒开发好sd\r\n</p>\r\n<p>\r\n	刷卡地方速度快富士达\r\n</p>\r\n<p>\r\n	<br />\r\n</p>\r\n<p>\r\n	<br />\r\n</p>\r\n<p>\r\n	撒地方开始登陆军事打击方式\r\n</p>\r\n<p>\r\n	<br />\r\n</p>\r\n<p>\r\n	<br />\r\n</p>\r\n<p>\r\n	啊是的覅挥洒开始dsd\r\n</p>\r\n<p>\r\n	<br />\r\n</p>\r\n<p>\r\n	<br />\r\n</p>\r\n<p>\r\n	水电费撒就坑了的风格让结果膨松剂方式；瓯江发；平时的\r\n</p>\r\n<p>\r\n	<br />\r\n</p>','',0,70),(179,0,'豆腐干岁的法国地方但是风格谁的风格地方打发时光谁的风格但是风格谁的风格但是风格','',0,70),(152,0,'szxczxczxc','',0,66),(153,0,'szxczxczxc','',0,66),(154,0,'szxczxczxc','',0,66),(155,0,'szxczxczxc','',0,66),(156,0,'szxczxczxc','',0,66),(157,0,'szxczxczxc','',0,66),(158,0,'szxczxczxc','',0,66),(159,0,'szxczxczxc','',0,66),(167,0,'','',0,0),(176,0,'<p>\r\n	&nbsp;水电费啊帅哥哈的风格的萨芬\r\n</p>\r\n<p>\r\n	<br />\r\n</p>\r\n<p>\r\n	<br />\r\n</p>\r\n<p>\r\n	<br />\r\n</p>\r\n<p>\r\n	<br />\r\n</p>\r\n<p>\r\n	<br />\r\n</p>\r\n<p>\r\n	<br />\r\n</p>\r\n<p>\r\n	<br />\r\n</p>\r\n<p>\r\n	<br />\r\n</p>\r\n<p>\r\n	<br />\r\n</p>\r\n<p>\r\n	<br />\r\n</p>\r\n<p>\r\n	<br />\r\n</p>\r\n<p>\r\n	<br />\r\n</p>\r\n<p>\r\n	<br />\r\n</p>\r\n<p>\r\n	<br />\r\n</p>\r\n<p>\r\n	<br />\r\n</p>\r\n<p>\r\n	<br />\r\n</p>\r\n<p>\r\n	<br />\r\n</p>\r\n<p>\r\n	<br />\r\n</p>\r\n<p>\r\n	<img src=\"http://api.map.baidu.com/staticimage?center=121.473704%2C31.230393&zoom=11&width=558&height=360&markers=121.473704%2C31.230393&markerStyles=l%2CA\" alt=\"\" /> \r\n</p>\r\n<p>\r\n	<br />\r\n</p>\r\n<p>\r\n	阿斯达克防护爱上看到回复啊可是老公爱上疯啦开始发了卡上发给卡上健康的不是都疯啦开始ng.als金刚萨放假噶十几个。爱上；点击管理撒娇发；蓝色大门；了多少莫非多少\r\n</p>','',0,68),(177,0,'<p>\r\n	大概是对方噶时光发生的地方谁的风格的风格的风格的风格谁的风格的风格f对方噶速度飞快可是对方\r\n</p>\r\n<p>\r\n	、\r\n</p>\r\n<p>\r\n	发的是看过代理费结果的浪费jg\r\n</p>\r\n<p>\r\n	<br />\r\n</p>\r\n<p>\r\n	大发感慨打了个稍等；浪费g\r\n</p>\r\n<p>\r\n	<br />\r\n</p>\r\n<p>\r\n	<br />\r\n</p>\r\n<p>\r\n	阿什顿飞看过开始了过了圣诞节了似懂非懂\r\n</p>\r\n<p>\r\n	<br />\r\n</p>\r\n<p>\r\n	sdkfhsdkf\r\n</p>','',0,0),(178,0,'撒旦干撒的风格撒打发士大夫','',0,69);
/*!40000 ALTER TABLE `o_document_article` ENABLE KEYS */;
UNLOCK TABLES;

--
-- Table structure for table `o_document_banner`
--

DROP TABLE IF EXISTS `o_document_banner`;
/*!40101 SET @saved_cs_client     = @@character_set_client */;
/*!40101 SET character_set_client = utf8 */;
CREATE TABLE `o_document_banner` (
  `id` int(10) unsigned NOT NULL AUTO_INCREMENT COMMENT '主键',
  `title_en` text NOT NULL COMMENT '英文名',
  PRIMARY KEY (`id`)
) ENGINE=MyISAM AUTO_INCREMENT=196 DEFAULT CHARSET=utf8 ROW_FORMAT=DYNAMIC;
/*!40101 SET character_set_client = @saved_cs_client */;

--
-- Dumping data for table `o_document_banner`
--

LOCK TABLES `o_document_banner` WRITE;
/*!40000 ALTER TABLE `o_document_banner` DISABLE KEYS */;
INSERT INTO `o_document_banner` VALUES (195,''),(194,'的风格的方式'),(193,'第三方'),(192,''),(191,''),(190,''),(138,''),(189,''),(188,''),(187,'第三方'),(160,''),(161,''),(183,'的风格的方式'),(164,'');
/*!40000 ALTER TABLE `o_document_banner` ENABLE KEYS */;
UNLOCK TABLES;

--
-- Table structure for table `o_document_download`
--

DROP TABLE IF EXISTS `o_document_download`;
/*!40101 SET @saved_cs_client     = @@character_set_client */;
/*!40101 SET character_set_client = utf8 */;
CREATE TABLE `o_document_download` (
  `id` int(10) unsigned NOT NULL DEFAULT '0' COMMENT '文档ID',
  `parse` tinyint(3) unsigned NOT NULL DEFAULT '0' COMMENT '内容解析类型',
  `content` text NOT NULL COMMENT '下载详细描述',
  `template` varchar(100) NOT NULL DEFAULT '' COMMENT '详情页显示模板',
  `file_id` int(10) unsigned NOT NULL DEFAULT '0' COMMENT '文件ID',
  `download` int(10) unsigned NOT NULL DEFAULT '0' COMMENT '下载次数',
  `size` bigint(20) unsigned NOT NULL DEFAULT '0' COMMENT '文件大小',
  PRIMARY KEY (`id`)
) ENGINE=MyISAM DEFAULT CHARSET=utf8 COMMENT='文档模型下载表';
/*!40101 SET character_set_client = @saved_cs_client */;

--
-- Dumping data for table `o_document_download`
--

LOCK TABLES `o_document_download` WRITE;
/*!40000 ALTER TABLE `o_document_download` DISABLE KEYS */;
/*!40000 ALTER TABLE `o_document_download` ENABLE KEYS */;
UNLOCK TABLES;

--
-- Table structure for table `o_document_ketang`
--

DROP TABLE IF EXISTS `o_document_ketang`;
/*!40101 SET @saved_cs_client     = @@character_set_client */;
/*!40101 SET character_set_client = utf8 */;
CREATE TABLE `o_document_ketang` (
  `id` int(10) unsigned NOT NULL AUTO_INCREMENT COMMENT '主键',
  `introduction` text NOT NULL COMMENT '产品简介',
  `content` text NOT NULL COMMENT '产品概述',
  `pimage` int(10) unsigned NOT NULL COMMENT '产品图片',
  PRIMARY KEY (`id`)
) ENGINE=MyISAM AUTO_INCREMENT=176 DEFAULT CHARSET=utf8 ROW_FORMAT=DYNAMIC;
/*!40101 SET character_set_client = @saved_cs_client */;

--
-- Dumping data for table `o_document_ketang`
--

LOCK TABLES `o_document_ketang` WRITE;
/*!40000 ALTER TABLE `o_document_ketang` DISABLE KEYS */;
INSERT INTO `o_document_ketang` VALUES (45,'','',0),(46,'简介','产品概述',0),(42,'3344','',62),(43,'册','',0),(81,'云服务器Elastic Compute Service(ECS)是阿里云提供的一种基础云计算服务。使用云服务器ECS就像使用水、电、煤气等资源一样便捷、高效。您无需提前采购硬件设备，而是根据业务需要，随时创建所需数量的云服务器实例，并在使用过程中，随着业务的扩展，对云服务器进行扩容磁盘、增加宽带。如果不再需要云服务器，也可以方便的释放资源，节省费用。<br />\r\n<br />\r\n云服务器ECS实例是一个虚拟的计算环境，包含了CPU、内存、操作系统、磁盘、带宽等最基础的服务器组件，是ECS提供给每个用户的操作实体。一个实例就等同于一台虚拟机，您对所创建的实例拥有管理员权限，可以随时登录进行使用和管理。您可以在实例上进行基本操作，如挂载磁盘、创建快照、创建镜像，部署环境等。<br />\r\n<div>\r\n	<br />\r\n</div>','1云服务器Elastic Compute Service(ECS)是阿里云提供的一种基础云计算服务。使用云服务器ECS就像使用水、电、煤气等资源一样便捷、高效。您无需提前采购硬件设备，而是根据业务需要，随时创建所需数量的云服务器实例，并在使用过程中，随着业务的扩展，对云服务器进行扩容磁盘',7),(82,'云服务器Elastic Compute Service(ECS)是阿里云提供的一种基础云计算服务。使用云服务器ECS就像使用水、电、煤气等资源一样便捷、高效。您无需提前采购硬件设备，而是根据业务需要，随时创建所需数量的云服务器实例，并在使用过程中，随着业务的扩展，对云服务器进行扩容磁盘、增加宽带。如果不再需要云服务器，也可以方便的释放资源，节省费用。<br />\r\n<br />\r\n云服务器ECS实例是一个虚拟的计算环境，包含了CPU、内存、操作系统、磁盘、带宽等最基础的服务器组件，是ECS提供给每个用户的操作实体。一个实例就等同于一台虚拟机，您对所创建的实例拥有管理员权限，可以随时登录进行使用和管理。您可以在实例上进行基本操作，如挂载磁盘、创建快照、创建镜像，部署环境等。<br />\r\n<div>\r\n	<br />\r\n</div>','云服务器Elastic Compute Service(ECS)是阿里云提供的一种基础云计算服务。使用云服务器ECS就像使用水、电、煤气等资源一样便捷、高效。您无需提前采购硬件设备，而是根据业务需要，随时创建所需数量的云服务器实例，并在使用过程中，随着业务的扩展，对云服务器进行扩容磁盘、增加宽带。如果不再需要云服务器，也可以方便的释放资源，节省费用。\r\n\r\n云服务器ECS实例是一个虚拟的计算环境，包含了CPU、内存、操作系统、磁盘、带宽等最基础的服务器组件，是ECS提供给每个用户的操作实体。一个实例就等同于一台虚拟机，您对所创建的实例拥有管理员权限，可以随时登录进行使用和管理。您可以在实例上进行基本操作，如挂载磁盘、创建快照、创建镜像，部署环境等。\r\n',7),(83,'云服务器Elastic Compute Service(ECS)是阿里云提供的一种基础云计算服务。使用云服务器ECS就像使用水、电、煤气等资源一样便捷、高效。您无需提前采购硬件设备，而是根据业务需要，随时创建所需数量的云服务器实例，并在使用过程中，随着业务的扩展，对云服务器进行扩容磁盘、增加宽带。如果不再需要云服务器，也可以方便的释放资源，节省费用。<br />\r\n<br />\r\n云服务器ECS实例是一个虚拟的计算环境，包含了CPU、内存、操作系统、磁盘、带宽等最基础的服务器组件，是ECS提供给每个用户的操作实体。一个实例就等同于一台虚拟机，您对所创建的实例拥有管理员权限，可以随时登录进行使用和管理。您可以在实例上进行基本操作，如挂载磁盘、创建快照、创建镜像，部署环境等。<br />\r\n<div>\r\n	<br />\r\n</div>\r\n云服务器Elastic Compute Service(ECS)是阿里云提供的一种基础云计算服务。使用云服务器ECS就像使用水、电、煤气等资源一样便捷、高效。您无需提前采购硬件设备，而是根据业务需要，随时创建所需数量的云服务器实例，并在使用过程中，随着业务的扩展，对云服务器进行扩容磁盘、增加宽带。如果不再需要云服务器，也可以方便的释放资源，节省费用。<br />\r\n<br />\r\n云服务器ECS实例是一个虚拟的计算环境，包含了CPU、内存、操作系统、磁盘、带宽等最基础的服务器组件，是ECS提供给每个用户的操作实体。一个实例就等同于一台虚拟机，您对所创建的实例拥有管理员权限，可以随时登录进行使用和管理。您可以在实例上进行基本操作，如挂载磁盘、创建快照、创建镜像，部署环境等。<br />\r\n<div>\r\n	<br />\r\n</div>','云服务器Elastic Compute Service(ECS)是阿里云提供的一种基础云计算服务。使用云服务器ECS就像使用水、电、煤气等资源一样便捷、高效。您无需提前采购硬件设备，而是根据业务需要，随时创建所需数量的云服务器实例，并在使用过程中，随着业务的扩展，对云服务器进行扩容磁盘、增加宽带。如果不再需要云服务器，也可以方便的释放资源，节省费用。\r\n\r\n云服务器ECS实例是一个虚拟的计算环境，包含了CPU、内存、操作系统、磁盘、带宽等最基础的服务器组件，是ECS提供给每个用户的操作实体。一个实例就等同于一台虚拟机，您对所创建的实例拥有管理员权限，可以随时登录进行使用和管理。您可以在实例上进行基本操作，如挂载磁盘、创建快照、创建镜像，部署环境等。\r\n',7),(84,'云服务器Elastic Compute Service(ECS)是阿里云提供的一种基础云计算服务。使用云服务器ECS就像使用水、电、煤气等资源一样便捷、高效。您无需提前采购硬件设备，而是根据业务需要，随时创建所需数量的云服务器实例，并在使用过程中，随着业务的扩展，对云服务器进行扩容磁盘、增加宽带。如果不再需要云服务器，也可以方便的释放资源，节省费用。<br />\r\n<br />\r\n云服务器ECS实例是一个虚拟的计算环境，包含了CPU、内存、操作系统、磁盘、带宽等最基础的服务器组件，是ECS提供给每个用户的操作实体。一个实例就等同于一台虚拟机，您对所创建的实例拥有管理员权限，可以随时登录进行使用和管理。您可以在实例上进行基本操作，如挂载磁盘、创建快照、创建镜像，部署环境等。<br />\r\n<div>\r\n	<br />\r\n</div>\r\n云服务器Elastic Compute Service(ECS)是阿里云提供的一种基础云计算服务。使用云服务器ECS就像使用水、电、煤气等资源一样便捷、高效。您无需提前采购硬件设备，而是根据业务需要，随时创建所需数量的云服务器实例，并在使用过程中，随着业务的扩展，对云服务器进行扩容磁盘、增加宽带。如果不再需要云服务器，也可以方便的释放资源，节省费用。<br />\r\n<br />\r\n云服务器ECS实例是一个虚拟的计算环境，包含了CPU、内存、操作系统、磁盘、带宽等最基础的服务器组件，是ECS提供给每个用户的操作实体。一个实例就等同于一台虚拟机，您对所创建的实例拥有管理员权限，可以随时登录进行使用和管理。您可以在实例上进行基本操作，如挂载磁盘、创建快照、创建镜像，部署环境等。<br />\r\n<div>\r\n	<br />\r\n</div>','云服务器Elastic Compute Service(ECS)是阿里云提供的一种基础云计算服务。使用云服务器ECS就像使用水、电、煤气等资源一样便捷、高效。您无需提前采购硬件设备，而是根据业务需要，随时创建所需数量的云服务器实例，并在使用过程中，随着业务的扩展，对云服务器进行扩容磁盘、增加宽带。如果不再需要云服务器，也可以方便的释放资源，节省费用。\r\n\r\n云服务器ECS实例是一个虚拟的计算环境，包含了CPU、内存、操作系统、磁盘、带宽等最基础的服务器组件，是ECS提供给每个用户的操作实体。一个实例就等同于一台虚拟机，您对所创建的实例拥有管理员权限，可以随时登录进行使用和管理。您可以在实例上进行基本操作，如挂载磁盘、创建快照、创建镜像，部署环境等。\r\n',7),(85,'云服务器Elastic Compute Service(ECS)是阿里云提供的一种基础云计算服务。使用云服务器ECS就像使用水、电、煤气等资源一样便捷、高效。您无需提前采购硬件设备，而是根据业务需要，随时创建所需数量的云服务器实例，并在使用过程中，随着业务的扩展，对云服务器进行扩容磁盘、增加宽带。如果不再需要云服务器，也可以方便的释放资源，节省费用。<br />\r\n<br />\r\n云服务器ECS实例是一个虚拟的计算环境，包含了CPU、内存、操作系统、磁盘、带宽等最基础的服务器组件，是ECS提供给每个用户的操作实体。一个实例就等同于一台虚拟机，您对所创建的实例拥有管理员权限，可以随时登录进行使用和管理。您可以在实例上进行基本操作，如挂载磁盘、创建快照、创建镜像，部署环境等。<br />\r\n<div>\r\n	<br />\r\n</div>\r\n云服务器Elastic Compute Service(ECS)是阿里云提供的一种基础云计算服务。使用云服务器ECS就像使用水、电、煤气等资源一样便捷、高效。您无需提前采购硬件设备，而是根据业务需要，随时创建所需数量的云服务器实例，并在使用过程中，随着业务的扩展，对云服务器进行扩容磁盘、增加宽带。如果不再需要云服务器，也可以方便的释放资源，节省费用。<br />\r\n<br />\r\n云服务器ECS实例是一个虚拟的计算环境，包含了CPU、内存、操作系统、磁盘、带宽等最基础的服务器组件，是ECS提供给每个用户的操作实体。一个实例就等同于一台虚拟机，您对所创建的实例拥有管理员权限，可以随时登录进行使用和管理。您可以在实例上进行基本操作，如挂载磁盘、创建快照、创建镜像，部署环境等。<br />\r\n<div>\r\n	<br />\r\n</div>','云服务器Elastic Compute Service(ECS)是阿里云提供的一种基础云计算服务。使用云服务器ECS就像使用水、电、煤气等资源一样便捷、高效。您无需提前采购硬件设备，而是根据业务需要，随时创建所需数量的云服务器实例，并在使用过程中，随着业务的扩展，对云服务器进行扩容磁盘、增加宽带。如果不再需要云服务器，也可以方便的释放资源，节省费用。\r\n\r\n云服务器ECS实例是一个虚拟的计算环境，包含了CPU、内存、操作系统、磁盘、带宽等最基础的服务器组件，是ECS提供给每个用户的操作实体。一个实例就等同于一台虚拟机，您对所创建的实例拥有管理员权限，可以随时登录进行使用和管理。您可以在实例上进行基本操作，如挂载磁盘、创建快照、创建镜像，部署环境等。\r\n',7),(86,'云服务器Elastic Compute Service(ECS)是阿里云提供的一种基础云计算服务。使用云服务器ECS就像使用水、电、煤气等资源一样便捷、高效。您无需提前采购硬件设备，而是根据业务需要，随时创建所需数量的云服务器实例，并在使用过程中，随着业务的扩展，对云服务器进行扩容磁盘、增加宽带。如果不再需要云服务器，也可以方便的释放资源，节省费用。<br />\r\n<br />\r\n云服务器ECS实例是一个虚拟的计算环境，包含了CPU、内存、操作系统、磁盘、带宽等最基础的服务器组件，是ECS提供给每个用户的操作实体。一个实例就等同于一台虚拟机，您对所创建的实例拥有管理员权限，可以随时登录进行使用和管理。您可以在实例上进行基本操作，如挂载磁盘、创建快照、创建镜像，部署环境等。<br />\r\n<div>\r\n	<br />\r\n</div>\r\n云服务器Elastic Compute Service(ECS)是阿里云提供的一种基础云计算服务。使用云服务器ECS就像使用水、电、煤气等资源一样便捷、高效。您无需提前采购硬件设备，而是根据业务需要，随时创建所需数量的云服务器实例，并在使用过程中，随着业务的扩展，对云服务器进行扩容磁盘、增加宽带。如果不再需要云服务器，也可以方便的释放资源，节省费用。<br />\r\n<br />\r\n云服务器ECS实例是一个虚拟的计算环境，包含了CPU、内存、操作系统、磁盘、带宽等最基础的服务器组件，是ECS提供给每个用户的操作实体。一个实例就等同于一台虚拟机，您对所创建的实例拥有管理员权限，可以随时登录进行使用和管理。您可以在实例上进行基本操作，如挂载磁盘、创建快照、创建镜像，部署环境等。<br />\r\n<div>\r\n	<br />\r\n</div>','云服务器Elastic Compute Service(ECS)是阿里云提供的一种基础云计算服务。使用云服务器ECS就像使用水、电、煤气等资源一样便捷、高效。您无需提前采购硬件设备，而是根据业务需要，随时创建所需数量的云服务器实例，并在使用过程中，随着业务的扩展，对云服务器进行扩容磁盘、增加宽带。如果不再需要云服务器，也可以方便的释放资源，节省费用。\r\n\r\n云服务器ECS实例是一个虚拟的计算环境，包含了CPU、内存、操作系统、磁盘、带宽等最基础的服务器组件，是ECS提供给每个用户的操作实体。一个实例就等同于一台虚拟机，您对所创建的实例拥有管理员权限，可以随时登录进行使用和管理。您可以在实例上进行基本操作，如挂载磁盘、创建快照、创建镜像，部署环境等。\r\n',7),(87,'云服务器Elastic Compute Service(ECS)是阿里云提供的一种基础云计算服务。使用云服务器ECS就像使用水、电、煤气等资源一样便捷、高效。您无需提前采购硬件设备，而是根据业务需要，随时创建所需数量的云服务器实例，并在使用过程中，随着业务的扩展，对云服务器进行扩容磁盘、增加宽带。如果不再需要云服务器，也可以方便的释放资源，节省费用。<br />\r\n<br />\r\n云服务器ECS实例是一个虚拟的计算环境，包含了CPU、内存、操作系统、磁盘、带宽等最基础的服务器组件，是ECS提供给每个用户的操作实体。一个实例就等同于一台虚拟机，您对所创建的实例拥有管理员权限，可以随时登录进行使用和管理。您可以在实例上进行基本操作，如挂载磁盘、创建快照、创建镜像，部署环境等。<br />\r\n<div>\r\n	<br />\r\n</div>\r\n云服务器Elastic Compute Service(ECS)是阿里云提供的一种基础云计算服务。使用云服务器ECS就像使用水、电、煤气等资源一样便捷、高效。您无需提前采购硬件设备，而是根据业务需要，随时创建所需数量的云服务器实例，并在使用过程中，随着业务的扩展，对云服务器进行扩容磁盘、增加宽带。如果不再需要云服务器，也可以方便的释放资源，节省费用。<br />\r\n<br />\r\n云服务器ECS实例是一个虚拟的计算环境，包含了CPU、内存、操作系统、磁盘、带宽等最基础的服务器组件，是ECS提供给每个用户的操作实体。一个实例就等同于一台虚拟机，您对所创建的实例拥有管理员权限，可以随时登录进行使用和管理。您可以在实例上进行基本操作，如挂载磁盘、创建快照、创建镜像，部署环境等。<br />\r\n<div>\r\n	<br />\r\n</div>','云服务器Elastic Compute Service(ECS)是阿里云提供的一种基础云计算服务。使用云服务器ECS就像使用水、电、煤气等资源一样便捷、高效。您无需提前采购硬件设备，而是根据业务需要，随时创建所需数量的云服务器实例，并在使用过程中，随着业务的扩展，对云服务器进行扩容磁盘、增加宽带。如果不再需要云服务器，也可以方便的释放资源，节省费用。\r\n\r\n云服务器ECS实例是一个虚拟的计算环境，包含了CPU、内存、操作系统、磁盘、带宽等最基础的服务器组件，是ECS提供给每个用户的操作实体。一个实例就等同于一台虚拟机，您对所创建的实例拥有管理员权限，可以随时登录进行使用和管理。您可以在实例上进行基本操作，如挂载磁盘、创建快照、创建镜像，部署环境等。\r\n',7),(88,'云服务器Elastic Compute Service(ECS)是阿里云提供的一种基础云计算服务。使用云服务器ECS就像使用水、电、煤气等资源一样便捷、高效。您无需提前采购硬件设备，而是根据业务需要，随时创建所需数量的云服务器实例，并在使用过程中，随着业务的扩展，对云服务器进行扩容磁盘、增加宽带。如果不再需要云服务器，也可以方便的释放资源，节省费用。<br />\r\n<br />\r\n云服务器ECS实例是一个虚拟的计算环境，包含了CPU、内存、操作系统、磁盘、带宽等最基础的服务器组件，是ECS提供给每个用户的操作实体。一个实例就等同于一台虚拟机，您对所创建的实例拥有管理员权限，可以随时登录进行使用和管理。您可以在实例上进行基本操作，如挂载磁盘、创建快照、创建镜像，部署环境等。<br />\r\n<div>\r\n	<br />\r\n</div>\r\n云服务器Elastic Compute Service(ECS)是阿里云提供的一种基础云计算服务。使用云服务器ECS就像使用水、电、煤气等资源一样便捷、高效。您无需提前采购硬件设备，而是根据业务需要，随时创建所需数量的云服务器实例，并在使用过程中，随着业务的扩展，对云服务器进行扩容磁盘、增加宽带。如果不再需要云服务器，也可以方便的释放资源，节省费用。<br />\r\n<br />\r\n云服务器ECS实例是一个虚拟的计算环境，包含了CPU、内存、操作系统、磁盘、带宽等最基础的服务器组件，是ECS提供给每个用户的操作实体。一个实例就等同于一台虚拟机，您对所创建的实例拥有管理员权限，可以随时登录进行使用和管理。您可以在实例上进行基本操作，如挂载磁盘、创建快照、创建镜像，部署环境等。<br />\r\n<div>\r\n	<br />\r\n</div>\r\n云服务器Elastic Compute Service(ECS)是阿里云提供的一种基础云计算服务。使用云服务器ECS就像使用水、电、煤气等资源一样便捷、高效。您无需提前采购硬件设备，而是根据业务需要，随时创建所需数量的云服务器实例，并在使用过程中，随着业务的扩展，对云服务器进行扩容磁盘、增加宽带。如果不再需要云服务器，也可以方便的释放资源，节省费用。<br />\r\n<br />\r\n云服务器ECS实例是一个虚拟的计算环境，包含了CPU、内存、操作系统、磁盘、带宽等最基础的服务器组件，是ECS提供给每个用户的操作实体。一个实例就等同于一台虚拟机，您对所创建的实例拥有管理员权限，可以随时登录进行使用和管理。您可以在实例上进行基本操作，如挂载磁盘、创建快照、创建镜像，部署环境等。<br />\r\n<div>\r\n	<br />\r\n</div>','云服务器Elastic Compute Service(ECS)是阿里云提供的一种基础云计算服务。使用云服务器ECS就像使用水、电、煤气等资源一样便捷、高效。您无需提前采购硬件设备，而是根据业务需要，随时创建所需数量的云服务器实例，并在使用过程中，随着业务的扩展，对云服务器进行扩容磁盘、增加宽带。如果不再需要云服务器，也可以方便的释放资源，节省费用。\r\n\r\n云服务器ECS实例是一个虚拟的计算环境，包含了CPU、内存、操作系统、磁盘、带宽等最基础的服务器组件，是ECS提供给每个用户的操作实体。一个实例就等同于一台虚拟机，您对所创建的实例拥有管理员权限，可以随时登录进行使用和管理。您可以在实例上进行基本操作，如挂载磁盘、创建快照、创建镜像，部署环境等。\r\n',7),(89,'云服务器Elastic Compute Service(ECS)是阿里云提供的一种基础云计算服务。使用云服务器ECS就像使用水、电、煤气等资源一样便捷、高效。您无需提前采购硬件设备，而是根据业务需要，随时创建所需数量的云服务器实例，并在使用过程中，随着业务的扩展，对云服务器进行扩容磁盘、增加宽带。如果不再需要云服务器，也可以方便的释放资源，节省费用。<br />\r\n<br />\r\n云服务器ECS实例是一个虚拟的计算环境，包含了CPU、内存、操作系统、磁盘、带宽等最基础的服务器组件，是ECS提供给每个用户的操作实体。一个实例就等同于一台虚拟机，您对所创建的实例拥有管理员权限，可以随时登录进行使用和管理。您可以在实例上进行基本操作，如挂载磁盘、创建快照、创建镜像，部署环境等。<br />\r\n<div>\r\n	<br />\r\n</div>\r\n云服务器Elastic Compute Service(ECS)是阿里云提供的一种基础云计算服务。使用云服务器ECS就像使用水、电、煤气等资源一样便捷、高效。您无需提前采购硬件设备，而是根据业务需要，随时创建所需数量的云服务器实例，并在使用过程中，随着业务的扩展，对云服务器进行扩容磁盘、增加宽带。如果不再需要云服务器，也可以方便的释放资源，节省费用。<br />\r\n<br />\r\n云服务器ECS实例是一个虚拟的计算环境，包含了CPU、内存、操作系统、磁盘、带宽等最基础的服务器组件，是ECS提供给每个用户的操作实体。一个实例就等同于一台虚拟机，您对所创建的实例拥有管理员权限，可以随时登录进行使用和管理。您可以在实例上进行基本操作，如挂载磁盘、创建快照、创建镜像，部署环境等。<br />\r\n<div>\r\n	<br />\r\n</div>\r\n云服务器Elastic Compute Service(ECS)是阿里云提供的一种基础云计算服务。使用云服务器ECS就像使用水、电、煤气等资源一样便捷、高效。您无需提前采购硬件设备，而是根据业务需要，随时创建所需数量的云服务器实例，并在使用过程中，随着业务的扩展，对云服务器进行扩容磁盘、增加宽带。如果不再需要云服务器，也可以方便的释放资源，节省费用。<br />\r\n<br />\r\n云服务器ECS实例是一个虚拟的计算环境，包含了CPU、内存、操作系统、磁盘、带宽等最基础的服务器组件，是ECS提供给每个用户的操作实体。一个实例就等同于一台虚拟机，您对所创建的实例拥有管理员权限，可以随时登录进行使用和管理。您可以在实例上进行基本操作，如挂载磁盘、创建快照、创建镜像，部署环境等。<br />\r\n<div>\r\n	<br />\r\n</div>','云服务器Elastic Compute Service(ECS)是阿里云提供的一种基础云计算服务。使用云服务器ECS就像使用水、电、煤气等资源一样便捷、高效。您无需提前采购硬件设备，而是根据业务需要，随时创建所需数量的云服务器实例，并在使用过程中，随着业务的扩展，对云服务器进行扩容磁盘、增加宽带。如果不再需要云服务器，也可以方便的释放资源，节省费用。\r\n\r\n云服务器ECS实例是一个虚拟的计算环境，包含了CPU、内存、操作系统、磁盘、带宽等最基础的服务器组件，是ECS提供给每个用户的操作实体。一个实例就等同于一台虚拟机，您对所创建的实例拥有管理员权限，可以随时登录进行使用和管理。您可以在实例上进行基本操作，如挂载磁盘、创建快照、创建镜像，部署环境等。\r\n',7),(90,'云服务器Elastic Compute Service(ECS)是阿里云提供的一种基础云计算服务。使用云服务器ECS就像使用水、电、煤气等资源一样便捷、高效。您无需提前采购硬件设备，而是根据业务需要，随时创建所需数量的云服务器实例，并在使用过程中，随着业务的扩展，对云服务器进行扩容磁盘、增加宽带。如果不再需要云服务器，也可以方便的释放资源，节省费用。<br />\r\n<br />\r\n云服务器ECS实例是一个虚拟的计算环境，包含了CPU、内存、操作系统、磁盘、带宽等最基础的服务器组件，是ECS提供给每个用户的操作实体。一个实例就等同于一台虚拟机，您对所创建的实例拥有管理员权限，可以随时登录进行使用和管理。您可以在实例上进行基本操作，如挂载磁盘、创建快照、创建镜像，部署环境等。<br />\r\n<div>\r\n	<br />\r\n</div>\r\n云服务器Elastic Compute Service(ECS)是阿里云提供的一种基础云计算服务。使用云服务器ECS就像使用水、电、煤气等资源一样便捷、高效。您无需提前采购硬件设备，而是根据业务需要，随时创建所需数量的云服务器实例，并在使用过程中，随着业务的扩展，对云服务器进行扩容磁盘、增加宽带。如果不再需要云服务器，也可以方便的释放资源，节省费用。<br />\r\n<br />\r\n云服务器ECS实例是一个虚拟的计算环境，包含了CPU、内存、操作系统、磁盘、带宽等最基础的服务器组件，是ECS提供给每个用户的操作实体。一个实例就等同于一台虚拟机，您对所创建的实例拥有管理员权限，可以随时登录进行使用和管理。您可以在实例上进行基本操作，如挂载磁盘、创建快照、创建镜像，部署环境等。<br />\r\n<div>\r\n	<br />\r\n</div>\r\n云服务器Elastic Compute Service(ECS)是阿里云提供的一种基础云计算服务。使用云服务器ECS就像使用水、电、煤气等资源一样便捷、高效。您无需提前采购硬件设备，而是根据业务需要，随时创建所需数量的云服务器实例，并在使用过程中，随着业务的扩展，对云服务器进行扩容磁盘、增加宽带。如果不再需要云服务器，也可以方便的释放资源，节省费用。<br />\r\n<br />\r\n云服务器ECS实例是一个虚拟的计算环境，包含了CPU、内存、操作系统、磁盘、带宽等最基础的服务器组件，是ECS提供给每个用户的操作实体。一个实例就等同于一台虚拟机，您对所创建的实例拥有管理员权限，可以随时登录进行使用和管理。您可以在实例上进行基本操作，如挂载磁盘、创建快照、创建镜像，部署环境等。<br />\r\n<div>\r\n	<br />\r\n</div>','云服务器Elastic Compute Service(ECS)是阿里云提供的一种基础云计算服务。使用云服务器ECS就像使用水、电、煤气等资源一样便捷、高效。您无需提前采购硬件设备，而是根据业务需要，随时创建所需数量的云服务器实例，并在使用过程中，随着业务的扩展，对云服务器进行扩容磁盘、增加宽带。如果不再需要云服务器，也可以方便的释放资源，节省费用。\r\n\r\n云服务器ECS实例是一个虚拟的计算环境，包含了CPU、内存、操作系统、磁盘、带宽等最基础的服务器组件，是ECS提供给每个用户的操作实体。一个实例就等同于一台虚拟机，您对所创建的实例拥有管理员权限，可以随时登录进行使用和管理。您可以在实例上进行基本操作，如挂载磁盘、创建快照、创建镜像，部署环境等。\r\n',7),(169,'<p>\r\n	啊噶撒的发生发生的\r\n</p>\r\n<p>\r\n	阿道夫嘎斯丹甫股份大师傅\r\n</p>\r\n<p>\r\n	啊是的噶速度噶是的分公司地方\r\n</p>\r\n<p>\r\n	撒噶时光水电费\r\n</p>\r\n<p>\r\n	<img src=\"http://api.map.baidu.com/staticimage?center=121.473704%2C31.230393&zoom=11&width=558&height=360&markers=121.473704%2C31.230393&markerStyles=l%2CA\" alt=\"\" /> \r\n</p>\r\n<p>\r\n	<br />\r\n</p>\r\n<p>\r\n	<embed src=\"http://v.youku.com/v_show/id_XMzAxOTkwMzM1Ng==.html?spm=a2hww.20023042.ykRecommend.5~5~5~5~A\" type=\"video/x-ms-asf-plugin\" width=\"550\" height=\"400\" autostart=\"true\" loop=\"true\" />\r\n</p>','爱国萨嘎舒服哈多少分公司的阿道夫哈噶撒的发生的',69),(170,'<p>\r\n	啊噶撒的发生发生的\r\n</p>\r\n<p>\r\n	阿道夫嘎斯丹甫股份大师傅\r\n</p>\r\n<p>\r\n	啊是的噶速度噶是的分公司地方\r\n</p>\r\n<p>\r\n	撒噶时光水电费\r\n</p>\r\n<p>\r\n	<img src=\"http://api.map.baidu.com/staticimage?center=121.473704%2C31.230393&zoom=11&width=558&height=360&markers=121.473704%2C31.230393&markerStyles=l%2CA\" alt=\"\" /> \r\n</p>','爱国萨嘎舒服哈多少分公司的阿道夫哈噶撒的发生的',69),(171,'<p>\r\n	啊噶撒的发生发生的\r\n</p>\r\n<p>\r\n	阿道夫嘎斯丹甫股份大师傅\r\n</p>\r\n<p>\r\n	啊是的噶速度噶是的分公司地方\r\n</p>\r\n<p>\r\n	撒噶时光水电费\r\n</p>\r\n<p>\r\n	<img src=\"http://api.map.baidu.com/staticimage?center=121.473704%2C31.230393&zoom=11&width=558&height=360&markers=121.473704%2C31.230393&markerStyles=l%2CA\" alt=\"\" /> \r\n</p>','爱国萨嘎舒服哈多少分公司的阿道夫哈噶撒的发生的',69),(172,'<span style=\"color:#666666;font-family:微软雅黑;font-size:14px;\">云服务器Elastic Compute Service(ECS)是阿里云提供的一种基础云计算服务。使用云服务器ECS就像使用水、电、煤气等资源一样便捷、高效。您无需提前采购硬件设备，而是根据业务需要，随时创建所需数量的云服务器实例，并在使用过程中，随着业务的扩展，对云服务器进行扩容磁盘、增加宽带。如果不再需要云服务器，也可以方便的释放资源，节省费用。 云服务器ECS实例是一个虚拟的计算环境，包含了CPU、内存、操作系统、磁盘、带宽等最基础的服务器组件，是ECS提供给每个用户的操作实体。一个实例就等同于一台虚拟机，您对所创建的实例拥有管理员权限，可以随时登录进行使用和管理。您可以在实例上进行基本操作，如挂载磁盘、创建快照、创建镜像，部署环境等。</span><span style=\"color:#666666;font-family:微软雅黑;font-size:14px;\">云服务器Elastic Compute Service(ECS)是阿里云提供的一种基础云计算服务。使用云服务器ECS就像使用水、电、煤气等资源一样便捷、高效。您无需提前采购硬件设备，而是根据业务需要，随时创建所需数量的云服务器实例，并在使用过程中，随着业务的扩展，对云服务器进行扩容磁盘、增加宽带。如果不再需要云服务器，也可以方便的释放资源，节省费用。 云服务器ECS实例是一个虚拟的计算环境，包含了CPU、内存、操作系统、磁盘、带宽等最基础的服务器组件，是ECS提供给每个用户的操作实体。一个实例就等同于一台虚拟机，您对所创建的实例拥有管理员权限，可以随时登录进行使用和管理。您可以在实例上进行基本操作，如挂载磁盘、创建快照、创建镜像，部署环境等。</span><span style=\"color:#666666;font-family:微软雅黑;font-size:14px;\">云服务器Elastic Compute Service(ECS)是阿里云提供的一种基础云计算服务。使用云服务器ECS就像使用水、电、煤气等资源一样便捷、高效。您无需提前采购硬件设备，而是根据业务需要，随时创建所需数量的云服务器实例，并在使用过程中，随着业务的扩展，对云服务器进行扩容磁盘、增加宽带。如果不再需要云服务器，也可以方便的释放资源，节省费用。 云服务器ECS实例是一个虚拟的计算环境，包含了CPU、内存、操作系统、磁盘、带宽等最基础的服务器组件，是ECS提供给每个用户的操作实体。一个实例就等同于一台虚拟机，您对所创建的实例拥有管理员权限，可以随时登录进行使用和管理。您可以在实例上进行基本操作，如挂载磁盘、创建快照、创建镜像，部署环境等。</span><span style=\"color:#666666;font-family:微软雅黑;font-size:14px;\">云服务器Elastic Compute Service(ECS)是阿里云提供的一种基础云计算服务。使用云服务器ECS就像使用水、电、煤气等资源一样便捷、高效。您无需提前采购硬件设备，而是根据业务需要，随时创建所需数量的云服务器实例，并在使用过程中，随着业务的扩展，对云服务器进行扩容磁盘、增加宽带。如果不再需要云服务器，也可以方便的释放资源，节省费用。 云服务器ECS实例是一个虚拟的计算环境，包含了CPU、内存、操作系统、磁盘、带宽等最基础的服务器组件，是ECS提供给每个用户的操作实体。一个实例就等同于一台虚拟机，您对所创建的实例拥有管理员权限，可以随时登录进行使用和管理。您可以在实例上进行基本操作，如挂载磁盘、创建快照、创建镜像，部署环境等。</span><span style=\"color:#666666;font-family:微软雅黑;font-size:14px;\">云服务器Elastic Compute Service(ECS)是阿里云提供的一种基础云计算服务。使用云服务器ECS就像使用水、电、煤气等资源一样便捷、高效。您无需提前采购硬件设备，而是根据业务需要，随时创建所需数量的云服务器实例，并在使用过程中，随着业务的扩展，对云服务器进行扩容磁盘、增加宽带。如果不再需要云服务器，也可以方便的释放资源，节省费用。 云服务器ECS实例是一个虚拟的计算环境，包含了CPU、内存、操作系统、磁盘、带宽等最基础的服务器组件，是ECS提供给每个用户的操作实体。一个实例就等同于一台虚拟机，您对所创建的实例拥有管理员权限，可以随时登录进行使用和管理。您可以在实例上进行基本操作，如挂载磁盘、创建快照、创建镜像，部署环境等。</span><span style=\"color:#666666;font-family:微软雅黑;font-size:14px;\">云服务器Elastic Compute Service(ECS)是阿里云提供的一种基础云计算服务。使用云服务器ECS就像使用水、电、煤气等资源一样便捷、高效。您无需提前采购硬件设备，而是根据业务需要，随时创建所需数量的云服务器实例，并在使用过程中，随着业务的扩展，对云服务器进行扩容磁盘、增加宽带。如果不再需要云服务器，也可以方便的释放资源，节省费用。 云服务器ECS实例是一个虚拟的计算环境，包含了CPU、内存、操作系统、磁盘、带宽等最基础的服务器组件，是ECS提供给每个用户的操作实体。一个实例就等同于一台虚拟机，您对所创建的实例拥有管理员权限，可以随时登录进行使用和管理。您可以在实例上进行基本操作，如挂载磁盘、创建快照、创建镜像，部署环境等。</span><span style=\"color:#666666;font-family:微软雅黑;font-size:14px;\">云服务器Elastic Compute Service(ECS)是阿里云提供的一种基础云计算服务。使用云服务器ECS就像使用水、电、煤气等资源一样便捷、高效。您无需提前采购硬件设备，而是根据业务需要，随时创建所需数量的云服务器实例，并在使用过程中，随着业务的扩展，对云服务器进行扩容磁盘、增加宽带。如果不再需要云服务器，也可以方便的释放资源，节省费用。 云服务器ECS实例是一个虚拟的计算环境，包含了CPU、内存、操作系统、磁盘、带宽等最基础的服务器组件，是ECS提供给每个用户的操作实体。一个实例就等同于一台虚拟机，您对所创建的实例拥有管理员权限，可以随时登录进行使用和管理。您可以在实例上进行基本操作，如挂载磁盘、创建快照、创建镜像，部署环境等。</span><span style=\"color:#666666;font-family:微软雅黑;font-size:14px;\">云服务器Elastic Compute Service(ECS)是阿里云提供的一种基础云计算服务。使用云服务器ECS就像使用水、电、煤气等资源一样便捷、高效。您无需提前采购硬件设备，而是根据业务需要，随时创建所需数量的云服务器实例，并在使用过程中，随着业务的扩展，对云服务器进行扩容磁盘、增加宽带。如果不再需要云服务器，也可以方便的释放资源，节省费用。 云服务器ECS实例是一个虚拟的计算环境，包含了CPU、内存、操作系统、磁盘、带宽等最基础的服务器组件，是ECS提供给每个用户的操作实体。一个实例就等同于一台虚拟机，您对所创建的实例拥有管理员权限，可以随时登录进行使用和管理。您可以在实例上进行基本操作，如挂载磁盘、创建快照、创建镜像，部署环境等。</span><span style=\"color:#666666;font-family:微软雅黑;font-size:14px;\">云服务器Elastic Compute Service(ECS)是阿里云提供的一种基础云计算服务。使用云服务器ECS就像使用水、电、煤气等资源一样便捷、高效。您无需提前采购硬件设备，而是根据业务需要，随时创建所需数量的云服务器实例，并在使用过程中，随着业务的扩展，对云服务器进行扩容磁盘、增加宽带。如果不再需要云服务器，也可以方便的释放资源，节省费用。 云服务器ECS实例是一个虚拟的计算环境，包含了CPU、内存、操作系统、磁盘、带宽等最基础的服务器组件，是ECS提供给每个用户的操作实体。一个实例就等同于一台虚拟机，您对所创建的实例拥有管理员权限，可以随时登录进行使用和管理。您可以在实例上进行基本操作，如挂载磁盘、创建快照、创建镜像，部署环境等。</span><span style=\"color:#666666;font-family:微软雅黑;font-size:14px;\">云服务器Elastic Compute Service(ECS)是阿里云提供的一种基础云计算服务。使用云服务器ECS就像使用水、电、煤气等资源一样便捷、高效。您无需提前采购硬件设备，而是根据业务需要，随时创建所需数量的云服务器实例，并在使用过程中，随着业务的扩展，对云服务器进行扩容磁盘、增加宽带。如果不再需要云服务器，也可以方便的释放资源，节省费用。 云服务器ECS实例是一个虚拟的计算环境，包含了CPU、内存、操作系统、磁盘、带宽等最基础的服务器组件，是ECS提供给每个用户的操作实体。一个实例就等同于一台虚拟机，您对所创建的实例拥有管理员权限，可以随时登录进行使用和管理。您可以在实例上进行基本操作，如挂载磁盘、创建快照、创建镜像，部署环境等。</span><span style=\"color:#666666;font-family:微软雅黑;font-size:14px;\">云服务器Elastic Compute Service(ECS)是阿里云提供的一种基础云计算服务。使用云服务器ECS就像使用水、电、煤气等资源一样便捷、高效。您无需提前采购硬件设备，而是根据业务需要，随时创建所需数量的云服务器实例，并在使用过程中，随着业务的扩展，对云服务器进行扩容磁盘、增加宽带。如果不再需要云服务器，也可以方便的释放资源，节省费用。 云服务器ECS实例是一个虚拟的计算环境，包含了CPU、内存、操作系统、磁盘、带宽等最基础的服务器组件，是ECS提供给每个用户的操作实体。一个实例就等同于一台虚拟机，您对所创建的实例拥有管理员权限，可以随时登录进行使用和管理。您可以在实例上进行基本操作，如挂载磁盘、创建快照、创建镜像，部署环境等。</span><span style=\"color:#666666;font-family:微软雅黑;font-size:14px;\">云服务器Elastic Compute Service(ECS)是阿里云提供的一种基础云计算服务。使用云服务器ECS就像使用水、电、煤气等资源一样便捷、高效。您无需提前采购硬件设备，而是根据业务需要，随时创建所需数量的云服务器实例，并在使用过程中，随着业务的扩展，对云服务器进行扩容磁盘、增加宽带。如果不再需要云服务器，也可以方便的释放资源，节省费用。 云服务器ECS实例是一个虚拟的计算环境，包含了CPU、内存、操作系统、磁盘、带宽等最基础的服务器组件，是ECS提供给每个用户的操作实体。一个实例就等同于一台虚拟机，您对所创建的实例拥有管理员权限，可以随时登录进行使用和管理。您可以在实例上进行基本操作，如挂载磁盘、创建快照、创建镜像，部署环境等。</span><span style=\"color:#666666;font-family:微软雅黑;font-size:14px;\">云服务器Elastic Compute Service(ECS)是阿里云提供的一种基础云计算服务。使用云服务器ECS就像使用水、电、煤气等资源一样便捷、高效。您无需提前采购硬件设备，而是根据业务需要，随时创建所需数量的云服务器实例，并在使用过程中，随着业务的扩展，对云服务器进行扩容磁盘、增加宽带。如果不再需要云服务器，也可以方便的释放资源，节省费用。 云服务器ECS实例是一个虚拟的计算环境，包含了CPU、内存、操作系统、磁盘、带宽等最基础的服务器组件，是ECS提供给每个用户的操作实体。一个实例就等同于一台虚拟机，您对所创建的实例拥有管理员权限，可以随时登录进行使用和管理。您可以在实例上进行基本操作，如挂载磁盘、创建快照、创建镜像，部署环境等。</span><span style=\"color:#666666;font-family:微软雅黑;font-size:14px;\">云服务器Elastic Compute Service(ECS)是阿里云提供的一种基础云计算服务。使用云服务器ECS就像使用水、电、煤气等资源一样便捷、高效。您无需提前采购硬件设备，而是根据业务需要，随时创建所需数量的云服务器实例，并在使用过程中，随着业务的扩展，对云服务器进行扩容磁盘、增加宽带。如果不再需要云服务器，也可以方便的释放资源，节省费用。 云服务器ECS实例是一个虚拟的计算环境，包含了CPU、内存、操作系统、磁盘、带宽等最基础的服务器组件，是ECS提供给每个用户的操作实体。一个实例就等同于一台虚拟机，您对所创建的实例拥有管理员权限，可以随时登录进行使用和管理。您可以在实例上进行基本操作，如挂载磁盘、创建快照、创建镜像，部署环境等。</span><span style=\"color:#666666;font-family:微软雅黑;font-size:14px;\">云服务器Elastic Compute Service(ECS)是阿里云提供的一种基础云计算服务。使用云服务器ECS就像使用水、电、煤气等资源一样便捷、高效。您无需提前采购硬件设备，而是根据业务需要，随时创建所需数量的云服务器实例，并在使用过程中，随着业务的扩展，对云服务器进行扩容磁盘、增加宽带。如果不再需要云服务器，也可以方便的释放资源，节省费用。 云服务器ECS实例是一个虚拟的计算环境，包含了CPU、内存、操作系统、磁盘、带宽等最基础的服务器组件，是ECS提供给每个用户的操作实体。一个实例就等同于一台虚拟机，您对所创建的实例拥有管理员权限，可以随时登录进行使用和管理。您可以在实例上进行基本操作，如挂载磁盘、创建快照、创建镜像，部署环境等。</span><span style=\"color:#666666;font-family:微软雅黑;font-size:14px;\">云服务器Elastic Compute Service(ECS)是阿里云提供的一种基础云计算服务。使用云服务器ECS就像使用水、电、煤气等资源一样便捷、高效。您无需提前采购硬件设备，而是根据业务需要，随时创建所需数量的云服务器实例，并在使用过程中，随着业务的扩展，对云服务器进行扩容磁盘、增加宽带。如果不再需要云服务器，也可以方便的释放资源，节省费用。 云服务器ECS实例是一个虚拟的计算环境，包含了CPU、内存、操作系统、磁盘、带宽等最基础的服务器组件，是ECS提供给每个用户的操作实体。一个实例就等同于一台虚拟机，您对所创建的实例拥有管理员权限，可以随时登录进行使用和管理。您可以在实例上进行基本操作，如挂载磁盘、创建快照、创建镜像，部署环境等。</span><span style=\"color:#666666;font-family:微软雅黑;font-size:14px;\">云服务器Elastic Compute Service(ECS)是阿里云提供的一种基础云计算服务。使用云服务器ECS就像使用水、电、煤气等资源一样便捷、高效。您无需提前采购硬件设备，而是根据业务需要，随时创建所需数量的云服务器实例，并在使用过程中，随着业务的扩展，对云服务器进行扩容磁盘、增加宽带。如果不再需要云服务器，也可以方便的释放资源，节省费用。 云服务器ECS实例是一个虚拟的计算环境，包含了CPU、内存、操作系统、磁盘、带宽等最基础的服务器组件，是ECS提供给每个用户的操作实体。一个实例就等同于一台虚拟机，您对所创建的实例拥有管理员权限，可以随时登录进行使用和管理。您可以在实例上进行基本操作，如挂载磁盘、创建快照、创建镜像，部署环境等。</span><span style=\"color:#666666;font-family:微软雅黑;font-size:14px;\">云服务器Elastic Compute Service(ECS)是阿里云提供的一种基础云计算服务。使用云服务器ECS就像使用水、电、煤气等资源一样便捷、高效。您无需提前采购硬件设备，而是根据业务需要，随时创建所需数量的云服务器实例，并在使用过程中，随着业务的扩展，对云服务器进行扩容磁盘、增加宽带。如果不再需要云服务器，也可以方便的释放资源，节省费用。 云服务器ECS实例是一个虚拟的计算环境，包含了CPU、内存、操作系统、磁盘、带宽等最基础的服务器组件，是ECS提供给每个用户的操作实体。一个实例就等同于一台虚拟机，您对所创建的实例拥有管理员权限，可以随时登录进行使用和管理。您可以在实例上进行基本操作，如挂载磁盘、创建快照、创建镜像，部署环境等。</span><span style=\"color:#666666;font-family:微软雅黑;font-size:14px;\">云服务器Elastic Compute Service(ECS)是阿里云提供的一种基础云计算服务。使用云服务器ECS就像使用水、电、煤气等资源一样便捷、高效。您无需提前采购硬件设备，而是根据业务需要，随时创建所需数量的云服务器实例，并在使用过程中，随着业务的扩展，对云服务器进行扩容磁盘、增加宽带。如果不再需要云服务器，也可以方便的释放资源，节省费用。 云服务器ECS实例是一个虚拟的计算环境，包含了CPU、内存、操作系统、磁盘、带宽等最基础的服务器组件，是ECS提供给每个用户的操作实体。一个实例就等同于一台虚拟机，您对所创建的实例拥有管理员权限，可以随时登录进行使用和管理。您可以在实例上进行基本操作，如挂载磁盘、创建快照、创建镜像，部署环境等。</span><span style=\"color:#666666;font-family:微软雅黑;font-size:14px;\">云服务器Elastic Compute Service(ECS)是阿里云提供的一种基础云计算服务。使用云服务器ECS就像使用水、电、煤气等资源一样便捷、高效。您无需提前采购硬件设备，而是根据业务需要，随时创建所需数量的云服务器实例，并在使用过程中，随着业务的扩展，对云服务器进行扩容磁盘、增加宽带。如果不再需要云服务器，也可以方便的释放资源，节省费用。 云服务器ECS实例是一个虚拟的计算环境，包含了CPU、内存、操作系统、磁盘、带宽等最基础的服务器组件，是ECS提供给每个用户的操作实体。一个实例就等同于一台虚拟机，您对所创建的实例拥有管理员权限，可以随时登录进行使用和管理。您可以在实例上进行基本操作，如挂载磁盘、创建快照、创建镜像，部署环境等。</span><span style=\"color:#666666;font-family:微软雅黑;font-size:14px;\">云服务器Elastic Compute Service(ECS)是阿里云提供的一种基础云计算服务。使用云服务器ECS就像使用水、电、煤气等资源一样便捷、高效。您无需提前采购硬件设备，而是根据业务需要，随时创建所需数量的云服务器实例，并在使用过程中，随着业务的扩展，对云服务器进行扩容磁盘、增加宽带。如果不再需要云服务器，也可以方便的释放资源，节省费用。 云服务器ECS实例是一个虚拟的计算环境，包含了CPU、内存、操作系统、磁盘、带宽等最基础的服务器组件，是ECS提供给每个用户的操作实体。一个实例就等同于一台虚拟机，您对所创建的实例拥有管理员权限，可以随时登录进行使用和管理。您可以在实例上进行基本操作，如挂载磁盘、创建快照、创建镜像，部署环境等。</span><span style=\"color:#666666;font-family:微软雅黑;font-size:14px;\">云服务器Elastic Compute Service(ECS)是阿里云提供的一种基础云计算服务。使用云服务器ECS就像使用水、电、煤气等资源一样便捷、高效。您无需提前采购硬件设备，而是根据业务需要，随时创建所需数量的云服务器实例，并在使用过程中，随着业务的扩展，对云服务器进行扩容磁盘、增加宽带。如果不再需要云服务器，也可以方便的释放资源，节省费用。 云服务器ECS实例是一个虚拟的计算环境，包含了CPU、内存、操作系统、磁盘、带宽等最基础的服务器组件，是ECS提供给每个用户的操作实体。一个实例就等同于一台虚拟机，您对所创建的实例拥有管理员权限，可以随时登录进行使用和管理。您可以在实例上进行基本操作，如挂载磁盘、创建快照、创建镜像，部署环境等。</span><span style=\"color:#666666;font-family:微软雅黑;font-size:14px;\">云服务器Elastic Compute Service(ECS)是阿里云提供的一种基础云计算服务。使用云服务器ECS就像使用水、电、煤气等资源一样便捷、高效。您无需提前采购硬件设备，而是根据业务需要，随时创建所需数量的云服务器实例，并在使用过程中，随着业务的扩展，对云服务器进行扩容磁盘、增加宽带。如果不再需要云服务器，也可以方便的释放资源，节省费用。 云服务器ECS实例是一个虚拟的计算环境，包含了CPU、内存、操作系统、磁盘、带宽等最基础的服务器组件，是ECS提供给每个用户的操作实体。一个实例就等同于一台虚拟机，您对所创建的实例拥有管理员权限，可以随时登录进行使用和管理。您可以在实例上进行基本操作，如挂载磁盘、创建快照、创建镜像，部署环境等。</span><span style=\"color:#666666;font-family:微软雅黑;font-size:14px;\">云服务器Elastic Compute Service(ECS)是阿里云提供的一种基础云计算服务。使用云服务器ECS就像使用水、电、煤气等资源一样便捷、高效。您无需提前采购硬件设备，而是根据业务需要，随时创建所需数量的云服务器实例，并在使用过程中，随着业务的扩展，对云服务器进行扩容磁盘、增加宽带。如果不再需要云服务器，也可以方便的释放资源，节省费用。 云服务器ECS实例是一个虚拟的计算环境，包含了CPU、内存、操作系统、磁盘、带宽等最基础的服务器组件，是ECS提供给每个用户的操作实体。一个实例就等同于一台虚拟机，您对所创建的实例拥有管理员权限，可以随时登录进行使用和管理。您可以在实例上进行基本操作，如挂载磁盘、创建快照、创建镜像，部署环境等。</span><span style=\"color:#666666;font-family:微软雅黑;font-size:14px;\">云服务器Elastic Compute Service(ECS)是阿里云提供的一种基础云计算服务。使用云服务器ECS就像使用水、电、煤气等资源一样便捷、高效。您无需提前采购硬件设备，而是根据业务需要，随时创建所需数量的云服务器实例，并在使用过程中，随着业务的扩展，对云服务器进行扩容磁盘、增加宽带。如果不再需要云服务器，也可以方便的释放资源，节省费用。 云服务器ECS实例是一个虚拟的计算环境，包含了CPU、内存、操作系统、磁盘、带宽等最基础的服务器组件，是ECS提供给每个用户的操作实体。一个实例就等同于一台虚拟机，您对所创建的实例拥有管理员权限，可以随时登录进行使用和管理。您可以在实例上进行基本操作，如挂载磁盘、创建快照、创建镜像，部署环境等。</span><span style=\"color:#666666;font-family:微软雅黑;font-size:14px;\">云服务器Elastic Compute Service(ECS)是阿里云提供的一种基础云计算服务。使用云服务器ECS就像使用水、电、煤气等资源一样便捷、高效。您无需提前采购硬件设备，而是根据业务需要，随时创建所需数量的云服务器实例，并在使用过程中，随着业务的扩展，对云服务器进行扩容磁盘、增加宽带。如果不再需要云服务器，也可以方便的释放资源，节省费用。 云服务器ECS实例是一个虚拟的计算环境，包含了CPU、内存、操作系统、磁盘、带宽等最基础的服务器组件，是ECS提供给每个用户的操作实体。一个实例就等同于一台虚拟机，您对所创建的实例拥有管理员权限，可以随时登录进行使用和管理。您可以在实例上进行基本操作，如挂载磁盘、创建快照、创建镜像，部署环境等。</span><span style=\"color:#666666;font-family:微软雅黑;font-size:14px;\">云服务器Elastic Compute Service(ECS)是阿里云提供的一种基础云计算服务。使用云服务器ECS就像使用水、电、煤气等资源一样便捷、高效。您无需提前采购硬件设备，而是根据业务需要，随时创建所需数量的云服务器实例，并在使用过程中，随着业务的扩展，对云服务器进行扩容磁盘、增加宽带。如果不再需要云服务器，也可以方便的释放资源，节省费用。 云服务器ECS实例是一个虚拟的计算环境，包含了CPU、内存、操作系统、磁盘、带宽等最基础的服务器组件，是ECS提供给每个用户的操作实体。一个实例就等同于一台虚拟机，您对所创建的实例拥有管理员权限，可以随时登录进行使用和管理。您可以在实例上进行基本操作，如挂载磁盘、创建快照、创建镜像，部署环境等。</span><span style=\"color:#666666;font-family:微软雅黑;font-size:14px;\">云服务器Elastic Compute Service(ECS)是阿里云提供的一种基础云计算服务。使用云服务器ECS就像使用水、电、煤气等资源一样便捷、高效。您无需提前采购硬件设备，而是根据业务需要，随时创建所需数量的云服务器实例，并在使用过程中，随着业务的扩展，对云服务器进行扩容磁盘、增加宽带。如果不再需要云服务器，也可以方便的释放资源，节省费用。 云服务器ECS实例是一个虚拟的计算环境，包含了CPU、内存、操作系统、磁盘、带宽等最基础的服务器组件，是ECS提供给每个用户的操作实体。一个实例就等同于一台虚拟机，您对所创建的实例拥有管理员权限，可以随时登录进行使用和管理。您可以在实例上进行基本操作，如挂载磁盘、创建快照、创建镜像，部署环境等。</span><span style=\"color:#666666;font-family:微软雅黑;font-size:14px;\">云服务器Elastic Compute Service(ECS)是阿里云提供的一种基础云计算服务。使用云服务器ECS就像使用水、电、煤气等资源一样便捷、高效。您无需提前采购硬件设备，而是根据业务需要，随时创建所需数量的云服务器实例，并在使用过程中，随着业务的扩展，对云服务器进行扩容磁盘、增加宽带。如果不再需要云服务器，也可以方便的释放资源，节省费用。 云服务器ECS实例是一个虚拟的计算环境，包含了CPU、内存、操作系统、磁盘、带宽等最基础的服务器组件，是ECS提供给每个用户的操作实体。一个实例就等同于一台虚拟机，您对所创建的实例拥有管理员权限，可以随时登录进行使用和管理。您可以在实例上进行基本操作，如挂载磁盘、创建快照、创建镜像，部署环境等。</span><span style=\"color:#666666;font-family:微软雅黑;font-size:14px;\">云服务器Elastic Compute Service(ECS)是阿里云提供的一种基础云计算服务。使用云服务器ECS就像使用水、电、煤气等资源一样便捷、高效。您无需提前采购硬件设备，而是根据业务需要，随时创建所需数量的云服务器实例，并在使用过程中，随着业务的扩展，对云服务器进行扩容磁盘、增加宽带。如果不再需要云服务器，也可以方便的释放资源，节省费用。 云服务器ECS实例是一个虚拟的计算环境，包含了CPU、内存、操作系统、磁盘、带宽等最基础的服务器组件，是ECS提供给每个用户的操作实体。一个实例就等同于一台虚拟机，您对所创建的实例拥有管理员权限，可以随时登录进行使用和管理。您可以在实例上进行基本操作，如挂载磁盘、创建快照、创建镜像，部署环境等。</span><span style=\"color:#666666;font-family:微软雅黑;font-size:14px;\">云服务器Elastic Compute Service(ECS)是阿里云提供的一种基础云计算服务。使用云服务器ECS就像使用水、电、煤气等资源一样便捷、高效。您无需提前采购硬件设备，而是根据业务需要，随时创建所需数量的云服务器实例，并在使用过程中，随着业务的扩展，对云服务器进行扩容磁盘、增加宽带。如果不再需要云服务器，也可以方便的释放资源，节省费用。 云服务器ECS实例是一个虚拟的计算环境，包含了CPU、内存、操作系统、磁盘、带宽等最基础的服务器组件，是ECS提供给每个用户的操作实体。一个实例就等同于一台虚拟机，您对所创建的实例拥有管理员权限，可以随时登录进行使用和管理。您可以在实例上进行基本操作，如挂载磁盘、创建快照、创建镜像，部署环境等。</span><span style=\"color:#666666;font-family:微软雅黑;font-size:14px;\">云服务器Elastic Compute Service(ECS)是阿里云提供的一种基础云计算服务。使用云服务器ECS就像使用水、电、煤气等资源一样便捷、高效。您无需提前采购硬件设备，而是根据业务需要，随时创建所需数量的云服务器实例，并在使用过程中，随着业务的扩展，对云服务器进行扩容磁盘、增加宽带。如果不再需要云服务器，也可以方便的释放资源，节省费用。 云服务器ECS实例是一个虚拟的计算环境，包含了CPU、内存、操作系统、磁盘、带宽等最基础的服务器组件，是ECS提供给每个用户的操作实体。一个实例就等同于一台虚拟机，您对所创建的实例拥有管理员权限，可以随时登录进行使用和管理。您可以在实例上进行基本操作，如挂载磁盘、创建快照、创建镜像，部署环境等。</span><span style=\"color:#666666;font-family:微软雅黑;font-size:14px;\">云服务器Elastic Compute Service(ECS)是阿里云提供的一种基础云计算服务。使用云服务器ECS就像使用水、电、煤气等资源一样便捷、高效。您无需提前采购硬件设备，而是根据业务需要，随时创建所需数量的云服务器实例，并在使用过程中，随着业务的扩展，对云服务器进行扩容磁盘、增加宽带。如果不再需要云服务器，也可以方便的释放资源，节省费用。 云服务器ECS实例是一个虚拟的计算环境，包含了CPU、内存、操作系统、磁盘、带宽等最基础的服务器组件，是ECS提供给每个用户的操作实体。一个实例就等同于一台虚拟机，您对所创建的实例拥有管理员权限，可以随时登录进行使用和管理。您可以在实例上进行基本操作，如挂载磁盘、创建快照、创建镜像，部署环境等。</span><span style=\"color:#666666;font-family:微软雅黑;font-size:14px;\">云服务器Elastic Compute Service(ECS)是阿里云提供的一种基础云计算服务。使用云服务器ECS就像使用水、电、煤气等资源一样便捷、高效。您无需提前采购硬件设备，而是根据业务需要，随时创建所需数量的云服务器实例，并在使用过程中，随着业务的扩展，对云服务器进行扩容磁盘、增加宽带。如果不再需要云服务器，也可以方便的释放资源，节省费用。 云服务器ECS实例是一个虚拟的计算环境，包含了CPU、内存、操作系统、磁盘、带宽等最基础的服务器组件，是ECS提供给每个用户的操作实体。一个实例就等同于一台虚拟机，您对所创建的实例拥有管理员权限，可以随时登录进行使用和管理。您可以在实例上进行基本操作，如挂载磁盘、创建快照、创建镜像，部署环境等。</span><span style=\"color:#666666;font-family:微软雅黑;font-size:14px;\">云服务器Elastic Compute Service(ECS)是阿里云提供的一种基础云计算服务。使用云服务器ECS就像使用水、电、煤气等资源一样便捷、高效。您无需提前采购硬件设备，而是根据业务需要，随时创建所需数量的云服务器实例，并在使用过程中，随着业务的扩展，对云服务器进行扩容磁盘、增加宽带。如果不再需要云服务器，也可以方便的释放资源，节省费用。 云服务器ECS实例是一个虚拟的计算环境，包含了CPU、内存、操作系统、磁盘、带宽等最基础的服务器组件，是ECS提供给每个用户的操作实体。一个实例就等同于一台虚拟机，您对所创建的实例拥有管理员权限，可以随时登录进行使用和管理。您可以在实例上进行基本操作，如挂载磁盘、创建快照、创建镜像，部署环境等。</span><span style=\"color:#666666;font-family:微软雅黑;font-size:14px;\">云服务器Elastic Compute Service(ECS)是阿里云提供的一种基础云计算服务。使用云服务器ECS就像使用水、电、煤气等资源一样便捷、高效。您无需提前采购硬件设备，而是根据业务需要，随时创建所需数量的云服务器实例，并在使用过程中，随着业务的扩展，对云服务器进行扩容磁盘、增加宽带。如果不再需要云服务器，也可以方便的释放资源，节省费用。 云服务器ECS实例是一个虚拟的计算环境，包含了CPU、内存、操作系统、磁盘、带宽等最基础的服务器组件，是ECS提供给每个用户的操作实体。一个实例就等同于一台虚拟机，您对所创建的实例拥有管理员权限，可以随时登录进行使用和管理。您可以在实例上进行基本操作，如挂载磁盘、创建快照、创建镜像，部署环境等。</span><span style=\"color:#666666;font-family:微软雅黑;font-size:14px;\">云服务器Elastic Compute Service(ECS)是阿里云提供的一种基础云计算服务。使用云服务器ECS就像使用水、电、煤气等资源一样便捷、高效。您无需提前采购硬件设备，而是根据业务需要，随时创建所需数量的云服务器实例，并在使用过程中，随着业务的扩展，对云服务器进行扩容磁盘、增加宽带。如果不再需要云服务器，也可以方便的释放资源，节省费用。 云服务器ECS实例是一个虚拟的计算环境，包含了CPU、内存、操作系统、磁盘、带宽等最基础的服务器组件，是ECS提供给每个用户的操作实体。一个实例就等同于一台虚拟机，您对所创建的实例拥有管理员权限，可以随时登录进行使用和管理。您可以在实例上进行基本操作，如挂载磁盘、创建快照、创建镜像，部署环境等。</span><span style=\"color:#666666;font-family:微软雅黑;font-size:14px;\">云服务器Elastic Compute Service(ECS)是阿里云提供的一种基础云计算服务。使用云服务器ECS就像使用水、电、煤气等资源一样便捷、高效。您无需提前采购硬件设备，而是根据业务需要，随时创建所需数量的云服务器实例，并在使用过程中，随着业务的扩展，对云服务器进行扩容磁盘、增加宽带。如果不再需要云服务器，也可以方便的释放资源，节省费用。 云服务器ECS实例是一个虚拟的计算环境，包含了CPU、内存、操作系统、磁盘、带宽等最基础的服务器组件，是ECS提供给每个用户的操作实体。一个实例就等同于一台虚拟机，您对所创建的实例拥有管理员权限，可以随时登录进行使用和管理。您可以在实例上进行基本操作，如挂载磁盘、创建快照、创建镜像，部署环境等。</span><span style=\"color:#666666;font-family:微软雅黑;font-size:14px;\">云服务器Elastic Compute Service(ECS)是阿里云提供的一种基础云计算服务。使用云服务器ECS就像使用水、电、煤气等资源一样便捷、高效。您无需提前采购硬件设备，而是根据业务需要，随时创建所需数量的云服务器实例，并在使用过程中，随着业务的扩展，对云服务器进行扩容磁盘、增加宽带。如果不再需要云服务器，也可以方便的释放资源，节省费用。 云服务器ECS实例是一个虚拟的计算环境，包含了CPU、内存、操作系统、磁盘、带宽等最基础的服务器组件，是ECS提供给每个用户的操作实体。一个实例就等同于一台虚拟机，您对所创建的实例拥有管理员权限，可以随时登录进行使用和管理。您可以在实例上进行基本操作，如挂载磁盘、创建快照、创建镜像，部署环境等。</span><span style=\"color:#666666;font-family:微软雅黑;font-size:14px;\">云服务器Elastic Compute Service(ECS)是阿里云提供的一种基础云计算服务。使用云服务器ECS就像使用水、电、煤气等资源一样便捷、高效。您无需提前采购硬件设备，而是根据业务需要，随时创建所需数量的云服务器实例，并在使用过程中，随着业务的扩展，对云服务器进行扩容磁盘、增加宽带。如果不再需要云服务器，也可以方便的释放资源，节省费用。 云服务器ECS实例是一个虚拟的计算环境，包含了CPU、内存、操作系统、磁盘、带宽等最基础的服务器组件，是ECS提供给每个用户的操作实体。一个实例就等同于一台虚拟机，您对所创建的实例拥有管理员权限，可以随时登录进行使用和管理。您可以在实例上进行基本操作，如挂载磁盘、创建快照、创建镜像，部署环境等。</span><span style=\"color:#666666;font-family:微软雅黑;font-size:14px;\">云服务器Elastic Compute Service(ECS)是阿里云提供的一种基础云计算服务。使用云服务器ECS就像使用水、电、煤气等资源一样便捷、高效。您无需提前采购硬件设备，而是根据业务需要，随时创建所需数量的云服务器实例，并在使用过程中，随着业务的扩展，对云服务器进行扩容磁盘、增加宽带。如果不再需要云服务器，也可以方便的释放资源，节省费用。 云服务器ECS实例是一个虚拟的计算环境，包含了CPU、内存、操作系统、磁盘、带宽等最基础的服务器组件，是ECS提供给每个用户的操作实体。一个实例就等同于一台虚拟机，您对所创建的实例拥有管理员权限，可以随时登录进行使用和管理。您可以在实例上进行基本操作，如挂载磁盘、创建快照、创建镜像，部署环境等。</span><span style=\"color:#666666;font-family:微软雅黑;font-size:14px;\">云服务器Elastic Compute Service(ECS)是阿里云提供的一种基础云计算服务。使用云服务器ECS就像使用水、电、煤气等资源一样便捷、高效。您无需提前采购硬件设备，而是根据业务需要，随时创建所需数量的云服务器实例，并在使用过程中，随着业务的扩展，对云服务器进行扩容磁盘、增加宽带。如果不再需要云服务器，也可以方便的释放资源，节省费用。 云服务器ECS实例是一个虚拟的计算环境，包含了CPU、内存、操作系统、磁盘、带宽等最基础的服务器组件，是ECS提供给每个用户的操作实体。一个实例就等同于一台虚拟机，您对所创建的实例拥有管理员权限，可以随时登录进行使用和管理。您可以在实例上进行基本操作，如挂载磁盘、创建快照、创建镜像，部署环境等。</span><span style=\"color:#666666;font-family:微软雅黑;font-size:14px;\">云服务器Elastic Compute Service(ECS)是阿里云提供的一种基础云计算服务。使用云服务器ECS就像使用水、电、煤气等资源一样便捷、高效。您无需提前采购硬件设备，而是根据业务需要，随时创建所需数量的云服务器实例，并在使用过程中，随着业务的扩展，对云服务器进行扩容磁盘、增加宽带。如果不再需要云服务器，也可以方便的释放资源，节省费用。 云服务器ECS实例是一个虚拟的计算环境，包含了CPU、内存、操作系统、磁盘、带宽等最基础的服务器组件，是ECS提供给每个用户的操作实体。一个实例就等同于一台虚拟机，您对所创建的实例拥有管理员权限，可以随时登录进行使用和管理。您可以在实例上进行基本操作，如挂载磁盘、创建快照、创建镜像，部署环境等。</span><span style=\"color:#666666;font-family:微软雅黑;font-size:14px;\">云服务器Elastic Compute Service(ECS)是阿里云提供的一种基础云计算服务。使用云服务器ECS就像使用水、电、煤气等资源一样便捷、高效。您无需提前采购硬件设备，而是根据业务需要，随时创建所需数量的云服务器实例，并在使用过程中，随着业务的扩展，对云服务器进行扩容磁盘、增加宽带。如果不再需要云服务器，也可以方便的释放资源，节省费用。 云服务器ECS实例是一个虚拟的计算环境，包含了CPU、内存、操作系统、磁盘、带宽等最基础的服务器组件，是ECS提供给每个用户的操作实体。一个实例就等同于一台虚拟机，您对所创建的实例拥有管理员权限，可以随时登录进行使用和管理。您可以在实例上进行基本操作，如挂载磁盘、创建快照、创建镜像，部署环境等。</span><span style=\"color:#666666;font-family:微软雅黑;font-size:14px;\">云服务器Elastic Compute Service(ECS)是阿里云提供的一种基础云计算服务。使用云服务器ECS就像使用水、电、煤气等资源一样便捷、高效。您无需提前采购硬件设备，而是根据业务需要，随时创建所需数量的云服务器实例，并在使用过程中，随着业务的扩展，对云服务器进行扩容磁盘、增加宽带。如果不再需要云服务器，也可以方便的释放资源，节省费用。 云服务器ECS实例是一个虚拟的计算环境，包含了CPU、内存、操作系统、磁盘、带宽等最基础的服务器组件，是ECS提供给每个用户的操作实体。一个实例就等同于一台虚拟机，您对所创建的实例拥有管理员权限，可以随时登录进行使用和管理。您可以在实例上进行基本操作，如挂载磁盘、创建快照、创建镜像，部署环境等。</span><span style=\"color:#666666;font-family:微软雅黑;font-size:14px;\">云服务器Elastic Compute Service(ECS)是阿里云提供的一种基础云计算服务。使用云服务器ECS就像使用水、电、煤气等资源一样便捷、高效。您无需提前采购硬件设备，而是根据业务需要，随时创建所需数量的云服务器实例，并在使用过程中，随着业务的扩展，对云服务器进行扩容磁盘、增加宽带。如果不再需要云服务器，也可以方便的释放资源，节省费用。 云服务器ECS实例是一个虚拟的计算环境，包含了CPU、内存、操作系统、磁盘、带宽等最基础的服务器组件，是ECS提供给每个用户的操作实体。一个实例就等同于一台虚拟机，您对所创建的实例拥有管理员权限，可以随时登录进行使用和管理。您可以在实例上进行基本操作，如挂载磁盘、创建快照、创建镜像，部署环境等。</span><span style=\"color:#666666;font-family:微软雅黑;font-size:14px;\">云服务器Elastic Compute Service(ECS)是阿里云提供的一种基础云计算服务。使用云服务器ECS就像使用水、电、煤气等资源一样便捷、高效。您无需提前采购硬件设备，而是根据业务需要，随时创建所需数量的云服务器实例，并在使用过程中，随着业务的扩展，对云服务器进行扩容磁盘、增加宽带。如果不再需要云服务器，也可以方便的释放资源，节省费用。 云服务器ECS实例是一个虚拟的计算环境，包含了CPU、内存、操作系统、磁盘、带宽等最基础的服务器组件，是ECS提供给每个用户的操作实体。一个实例就等同于一台虚拟机，您对所创建的实例拥有管理员权限，可以随时登录进行使用和管理。您可以在实例上进行基本操作，如挂载磁盘、创建快照、创建镜像，部署环境等。</span><span style=\"color:#666666;font-family:微软雅黑;font-size:14px;\">云服务器Elastic Compute Service(ECS)是阿里云提供的一种基础云计算服务。使用云服务器ECS就像使用水、电、煤气等资源一样便捷、高效。您无需提前采购硬件设备，而是根据业务需要，随时创建所需数量的云服务器实例，并在使用过程中，随着业务的扩展，对云服务器进行扩容磁盘、增加宽带。如果不再需要云服务器，也可以方便的释放资源，节省费用。 云服务器ECS实例是一个虚拟的计算环境，包含了CPU、内存、操作系统、磁盘、带宽等最基础的服务器组件，是ECS提供给每个用户的操作实体。一个实例就等同于一台虚拟机，您对所创建的实例拥有管理员权限，可以随时登录进行使用和管理。您可以在实例上进行基本操作，如挂载磁盘、创建快照、创建镜像，部署环境等。</span><span style=\"color:#666666;font-family:微软雅黑;font-size:14px;\">云服务器Elastic Compute Service(ECS)是阿里云提供的一种基础云计算服务。使用云服务器ECS就像使用水、电、煤气等资源一样便捷、高效。您无需提前采购硬件设备，而是根据业务需要，随时创建所需数量的云服务器实例，并在使用过程中，随着业务的扩展，对云服务器进行扩容磁盘、增加宽带。如果不再需要云服务器，也可以方便的释放资源，节省费用。 云服务器ECS实例是一个虚拟的计算环境，包含了CPU、内存、操作系统、磁盘、带宽等最基础的服务器组件，是ECS提供给每个用户的操作实体。一个实例就等同于一台虚拟机，您对所创建的实例拥有管理员权限，可以随时登录进行使用和管理。您可以在实例上进行基本操作，如挂载磁盘、创建快照、创建镜像，部署环境等。</span><span style=\"color:#666666;font-family:微软雅黑;font-size:14px;\">云服务器Elastic Compute Service(ECS)是阿里云提供的一种基础云计算服务。使用云服务器ECS就像使用水、电、煤气等资源一样便捷、高效。您无需提前采购硬件设备，而是根据业务需要，随时创建所需数量的云服务器实例，并在使用过程中，随着业务的扩展，对云服务器进行扩容磁盘、增加宽带。如果不再需要云服务器，也可以方便的释放资源，节省费用。 云服务器ECS实例是一个虚拟的计算环境，包含了CPU、内存、操作系统、磁盘、带宽等最基础的服务器组件，是ECS提供给每个用户的操作实体。一个实例就等同于一台虚拟机，您对所创建的实例拥有管理员权限，可以随时登录进行使用和管理。您可以在实例上进行基本操作，如挂载磁盘、创建快照、创建镜像，部署环境等。</span><span style=\"color:#666666;font-family:微软雅黑;font-size:14px;\">云服务器Elastic Compute Service(ECS)是阿里云提供的一种基础云计算服务。使用云服务器ECS就像使用水、电、煤气等资源一样便捷、高效。您无需提前采购硬件设备，而是根据业务需要，随时创建所需数量的云服务器实例，并在使用过程中，随着业务的扩展，对云服务器进行扩容磁盘、增加宽带。如果不再需要云服务器，也可以方便的释放资源，节省费用。 云服务器ECS实例是一个虚拟的计算环境，包含了CPU、内存、操作系统、磁盘、带宽等最基础的服务器组件，是ECS提供给每个用户的操作实体。一个实例就等同于一台虚拟机，您对所创建的实例拥有管理员权限，可以随时登录进行使用和管理。您可以在实例上进行基本操作，如挂载磁盘、创建快照、创建镜像，部署环境等。</span><span style=\"color:#666666;font-family:微软雅黑;font-size:14px;\">云服务器Elastic Compute Service(ECS)是阿里云提供的一种基础云计算服务。使用云服务器ECS就像使用水、电、煤气等资源一样便捷、高效。您无需提前采购硬件设备，而是根据业务需要，随时创建所需数量的云服务器实例，并在使用过程中，随着业务的扩展，对云服务器进行扩容磁盘、增加宽带。如果不再需要云服务器，也可以方便的释放资源，节省费用。 云服务器ECS实例是一个虚拟的计算环境，包含了CPU、内存、操作系统、磁盘、带宽等最基础的服务器组件，是ECS提供给每个用户的操作实体。一个实例就等同于一台虚拟机，您对所创建的实例拥有管理员权限，可以随时登录进行使用和管理。您可以在实例上进行基本操作，如挂载磁盘、创建快照、创建镜像，部署环境等。</span><span style=\"color:#666666;font-family:微软雅黑;font-size:14px;\">云服务器Elastic Compute Service(ECS)是阿里云提供的一种基础云计算服务。使用云服务器ECS就像使用水、电、煤气等资源一样便捷、高效。您无需提前采购硬件设备，而是根据业务需要，随时创建所需数量的云服务器实例，并在使用过程中，随着业务的扩展，对云服务器进行扩容磁盘、增加宽带。如果不再需要云服务器，也可以方便的释放资源，节省费用。 云服务器ECS实例是一个虚拟的计算环境，包含了CPU、内存、操作系统、磁盘、带宽等最基础的服务器组件，是ECS提供给每个用户的操作实体。一个实例就等同于一台虚拟机，您对所创建的实例拥有管理员权限，可以随时登录进行使用和管理。您可以在实例上进行基本操作，如挂载磁盘、创建快照、创建镜像，部署环境等。</span><span style=\"color:#666666;font-family:微软雅黑;font-size:14px;\">云服务器Elastic Compute Service(ECS)是阿里云提供的一种基础云计算服务。使用云服务器ECS就像使用水、电、煤气等资源一样便捷、高效。您无需提前采购硬件设备，而是根据业务需要，随时创建所需数量的云服务器实例，并在使用过程中，随着业务的扩展，对云服务器进行扩容磁盘、增加宽带。如果不再需要云服务器，也可以方便的释放资源，节省费用。 云服务器ECS实例是一个虚拟的计算环境，包含了CPU、内存、操作系统、磁盘、带宽等最基础的服务器组件，是ECS提供给每个用户的操作实体。一个实例就等同于一台虚拟机，您对所创建的实例拥有管理员权限，可以随时登录进行使用和管理。您可以在实例上进行基本操作，如挂载磁盘、创建快照、创建镜像，部署环境等。</span><span style=\"color:#666666;font-family:微软雅黑;font-size:14px;\">云服务器Elastic Compute Service(ECS)是阿里云提供的一种基础云计算服务。使用云服务器ECS就像使用水、电、煤气等资源一样便捷、高效。您无需提前采购硬件设备，而是根据业务需要，随时创建所需数量的云服务器实例，并在使用过程中，随着业务的扩展，对云服务器进行扩容磁盘、增加宽带。如果不再需要云服务器，也可以方便的释放资源，节省费用。 云服务器ECS实例是一个虚拟的计算环境，包含了CPU、内存、操作系统、磁盘、带宽等最基础的服务器组件，是ECS提供给每个用户的操作实体。一个实例就等同于一台虚拟机，您对所创建的实例拥有管理员权限，可以随时登录进行使用和管理。您可以在实例上进行基本操作，如挂载磁盘、创建快照、创建镜像，部署环境等。</span><span style=\"color:#666666;font-family:微软雅黑;font-size:14px;\">云服务器Elastic Compute Service(ECS)是阿里云提供的一种基础云计算服务。使用云服务器ECS就像使用水、电、煤气等资源一样便捷、高效。您无需提前采购硬件设备，而是根据业务需要，随时创建所需数量的云服务器实例，并在使用过程中，随着业务的扩展，对云服务器进行扩容磁盘、增加宽带。如果不再需要云服务器，也可以方便的释放资源，节省费用。 云服务器ECS实例是一个虚拟的计算环境，包含了CPU、内存、操作系统、磁盘、带宽等最基础的服务器组件，是ECS提供给每个用户的操作实体。一个实例就等同于一台虚拟机，您对所创建的实例拥有管理员权限，可以随时登录进行使用和管理。您可以在实例上进行基本操作，如挂载磁盘、创建快照、创建镜像，部署环境等。</span><span style=\"color:#666666;font-family:微软雅黑;font-size:14px;\">云服务器Elastic Compute Service(ECS)是阿里云提供的一种基础云计算服务。使用云服务器ECS就像使用水、电、煤气等资源一样便捷、高效。您无需提前采购硬件设备，而是根据业务需要，随时创建所需数量的云服务器实例，并在使用过程中，随着业务的扩展，对云服务器进行扩容磁盘、增加宽带。如果不再需要云服务器，也可以方便的释放资源，节省费用。 云服务器ECS实例是一个虚拟的计算环境，包含了CPU、内存、操作系统、磁盘、带宽等最基础的服务器组件，是ECS提供给每个用户的操作实体。一个实例就等同于一台虚拟机，您对所创建的实例拥有管理员权限，可以随时登录进行使用和管理。您可以在实例上进行基本操作，如挂载磁盘、创建快照、创建镜像，部署环境等。</span><span style=\"color:#666666;font-family:微软雅黑;font-size:14px;\">云服务器Elastic Compute Service(ECS)是阿里云提供的一种基础云计算服务。使用云服务器ECS就像使用水、电、煤气等资源一样便捷、高效。您无需提前采购硬件设备，而是根据业务需要，随时创建所需数量的云服务器实例，并在使用过程中，随着业务的扩展，对云服务器进行扩容磁盘、增加宽带。如果不再需要云服务器，也可以方便的释放资源，节省费用。 云服务器ECS实例是一个虚拟的计算环境，包含了CPU、内存、操作系统、磁盘、带宽等最基础的服务器组件，是ECS提供给每个用户的操作实体。一个实例就等同于一台虚拟机，您对所创建的实例拥有管理员权限，可以随时登录进行使用和管理。您可以在实例上进行基本操作，如挂载磁盘、创建快照、创建镜像，部署环境等。</span><span style=\"color:#666666;font-family:微软雅黑;font-size:14px;\">云服务器Elastic Compute Service(ECS)是阿里云提供的一种基础云计算服务。使用云服务器ECS就像使用水、电、煤气等资源一样便捷、高效。您无需提前采购硬件设备，而是根据业务需要，随时创建所需数量的云服务器实例，并在使用过程中，随着业务的扩展，对云服务器进行扩容磁盘、增加宽带。如果不再需要云服务器，也可以方便的释放资源，节省费用。 云服务器ECS实例是一个虚拟的计算环境，包含了CPU、内存、操作系统、磁盘、带宽等最基础的服务器组件，是ECS提供给每个用户的操作实体。一个实例就等同于一台虚拟机，您对所创建的实例拥有管理员权限，可以随时登录进行使用和管理。您可以在实例上进行基本操作，如挂载磁盘、创建快照、创建镜像，部署环境等。</span><span style=\"color:#666666;font-family:微软雅黑;font-size:14px;\">云服务器Elastic Compute Service(ECS)是阿里云提供的一种基础云计算服务。使用云服务器ECS就像使用水、电、煤气等资源一样便捷、高效。您无需提前采购硬件设备，而是根据业务需要，随时创建所需数量的云服务器实例，并在使用过程中，随着业务的扩展，对云服务器进行扩容磁盘、增加宽带。如果不再需要云服务器，也可以方便的释放资源，节省费用。 云服务器ECS实例是一个虚拟的计算环境，包含了CPU、内存、操作系统、磁盘、带宽等最基础的服务器组件，是ECS提供给每个用户的操作实体。一个实例就等同于一台虚拟机，您对所创建的实例拥有管理员权限，可以随时登录进行使用和管理。您可以在实例上进行基本操作，如挂载磁盘、创建快照、创建镜像，部署环境等。</span><span style=\"color:#666666;font-family:微软雅黑;font-size:14px;\">云服务器Elastic Compute Service(ECS)是阿里云提供的一种基础云计算服务。使用云服务器ECS就像使用水、电、煤气等资源一样便捷、高效。您无需提前采购硬件设备，而是根据业务需要，随时创建所需数量的云服务器实例，并在使用过程中，随着业务的扩展，对云服务器进行扩容磁盘、增加宽带。如果不再需要云服务器，也可以方便的释放资源，节省费用。 云服务器ECS实例是一个虚拟的计算环境，包含了CPU、内存、操作系统、磁盘、带宽等最基础的服务器组件，是ECS提供给每个用户的操作实体。一个实例就等同于一台虚拟机，您对所创建的实例拥有管理员权限，可以随时登录进行使用和管理。您可以在实例上进行基本操作，如挂载磁盘、创建快照、创建镜像，部署环境等。</span><span style=\"color:#666666;font-family:微软雅黑;font-size:14px;\">云服务器Elastic Compute Service(ECS)是阿里云提供的一种基础云计算服务。使用云服务器ECS就像使用水、电、煤气等资源一样便捷、高效。您无需提前采购硬件设备，而是根据业务需要，随时创建所需数量的云服务器实例，并在使用过程中，随着业务的扩展，对云服务器进行扩容磁盘、增加宽带。如果不再需要云服务器，也可以方便的释放资源，节省费用。 云服务器ECS实例是一个虚拟的计算环境，包含了CPU、内存、操作系统、磁盘、带宽等最基础的服务器组件，是ECS提供给每个用户的操作实体。一个实例就等同于一台虚拟机，您对所创建的实例拥有管理员权限，可以随时登录进行使用和管理。您可以在实例上进行基本操作，如挂载磁盘、创建快照、创建镜像，部署环境等。</span><span style=\"color:#666666;font-family:微软雅黑;font-size:14px;\">云服务器Elastic Compute Service(ECS)是阿里云提供的一种基础云计算服务。使用云服务器ECS就像使用水、电、煤气等资源一样便捷、高效。您无需提前采购硬件设备，而是根据业务需要，随时创建所需数量的云服务器实例，并在使用过程中，随着业务的扩展，对云服务器进行扩容磁盘、增加宽带。如果不再需要云服务器，也可以方便的释放资源，节省费用。 云服务器ECS实例是一个虚拟的计算环境，包含了CPU、内存、操作系统、磁盘、带宽等最基础的服务器组件，是ECS提供给每个用户的操作实体。一个实例就等同于一台虚拟机，您对所创建的实例拥有管理员权限，可以随时登录进行使用和管理。您可以在实例上进行基本操作，如挂载磁盘、创建快照、创建镜像，部署环境等。</span><span style=\"color:#666666;font-family:微软雅黑;font-size:14px;\">云服务器Elastic Compute Service(ECS)是阿里云提供的一种基础云计算服务。使用云服务器ECS就像使用水、电、煤气等资源一样便捷、高效。您无需提前采购硬件设备，而是根据业务需要，随时创建所需数量的云服务器实例，并在使用过程中，随着业务的扩展，对云服务器进行扩容磁盘、增加宽带。如果不再需要云服务器，也可以方便的释放资源，节省费用。 云服务器ECS实例是一个虚拟的计算环境，包含了CPU、内存、操作系统、磁盘、带宽等最基础的服务器组件，是ECS提供给每个用户的操作实体。一个实例就等同于一台虚拟机，您对所创建的实例拥有管理员权限，可以随时登录进行使用和管理。您可以在实例上进行基本操作，如挂载磁盘、创建快照、创建镜像，部署环境等。</span><span style=\"color:#666666;font-family:微软雅黑;font-size:14px;\">云服务器Elastic Compute Service(ECS)是阿里云提供的一种基础云计算服务。使用云服务器ECS就像使用水、电、煤气等资源一样便捷、高效。您无需提前采购硬件设备，而是根据业务需要，随时创建所需数量的云服务器实例，并在使用过程中，随着业务的扩展，对云服务器进行扩容磁盘、增加宽带。如果不再需要云服务器，也可以方便的释放资源，节省费用。 云服务器ECS实例是一个虚拟的计算环境，包含了CPU、内存、操作系统、磁盘、带宽等最基础的服务器组件，是ECS提供给每个用户的操作实体。一个实例就等同于一台虚拟机，您对所创建的实例拥有管理员权限，可以随时登录进行使用和管理。您可以在实例上进行基本操作，如挂载磁盘、创建快照、创建镜像，部署环境等。</span><span style=\"color:#666666;font-family:微软雅黑;font-size:14px;\">云服务器Elastic Compute Service(ECS)是阿里云提供的一种基础云计算服务。使用云服务器ECS就像使用水、电、煤气等资源一样便捷、高效。您无需提前采购硬件设备，而是根据业务需要，随时创建所需数量的云服务器实例，并在使用过程中，随着业务的扩展，对云服务器进行扩容磁盘、增加宽带。如果不再需要云服务器，也可以方便的释放资源，节省费用。 云服务器ECS实例是一个虚拟的计算环境，包含了CPU、内存、操作系统、磁盘、带宽等最基础的服务器组件，是ECS提供给每个用户的操作实体。一个实例就等同于一台虚拟机，您对所创建的实例拥有管理员权限，可以随时登录进行使用和管理。您可以在实例上进行基本操作，如挂载磁盘、创建快照、创建镜像，部署环境等。</span><span style=\"color:#666666;font-family:微软雅黑;font-size:14px;\">云服务器Elastic Compute Service(ECS)是阿里云提供的一种基础云计算服务。使用云服务器ECS就像使用水、电、煤气等资源一样便捷、高效。您无需提前采购硬件设备，而是根据业务需要，随时创建所需数量的云服务器实例，并在使用过程中，随着业务的扩展，对云服务器进行扩容磁盘、增加宽带。如果不再需要云服务器，也可以方便的释放资源，节省费用。 云服务器ECS实例是一个虚拟的计算环境，包含了CPU、内存、操作系统、磁盘、带宽等最基础的服务器组件，是ECS提供给每个用户的操作实体。一个实例就等同于一台虚拟机，您对所创建的实例拥有管理员权限，可以随时登录进行使用和管理。您可以在实例上进行基本操作，如挂载磁盘、创建快照、创建镜像，部署环境等。</span><span style=\"color:#666666;font-family:微软雅黑;font-size:14px;\">云服务器Elastic Compute Service(ECS)是阿里云提供的一种基础云计算服务。使用云服务器ECS就像使用水、电、煤气等资源一样便捷、高效。您无需提前采购硬件设备，而是根据业务需要，随时创建所需数量的云服务器实例，并在使用过程中，随着业务的扩展，对云服务器进行扩容磁盘、增加宽带。如果不再需要云服务器，也可以方便的释放资源，节省费用。 云服务器ECS实例是一个虚拟的计算环境，包含了CPU、内存<','云服务器Elastic Compute Service(ECS)是阿里云提供的一种基础云计算服务。使用云服务器ECS就像使用水、电、煤气等资源一样便捷、高效。您无需提前采购硬件设备，而是根据业务需要，随时创建所需数量的云服务器实例，并在使用过程中，随着业务的扩展，对云服务器进行扩容磁盘、增加宽带。如果不再需要云服务器，也可以方便的释放资源，节省费用。 云服务器ECS实例是一个虚拟的计算环境，包含了CPU、内存、操作系统、磁盘、带宽等最基础的服务器组件，是ECS提供给每个用户的操作实体。一个实例就等同于一台虚拟机，您对所创建的实例拥有管理员权限，可以随时登录进行使用和管理。您可以在实例上进行基本操作，如挂载磁盘、创建快照、创建镜像，部署环境等。',71),(173,'大数据大数据大数据大数据大数据大数据大数据大数据大数据大数据大数据大数据大数据大数据大数据大数据大数据大数据大数据大数据大数据大数据大数据大数据大数据大数据大数据大数据大数据大数据大数据大数据大数据大数据大数据大数据大数据大数据大数据大数据大数据大数据大数据大数据大数据大数据大数据大数据大数据大数据大数据大数据大数据大数据大数据大数据大数据大数据大数据大数据大数据大数据大数据大数据大数据大数据大数据大数据大数据大数据大数据大数据大数据大数据大数据大数据大数据大数据大数据大数据大数据大数据大数据大数据大数据大数据大数据大数据大数据大数据大数据大数据大数据大数据大数据大数据大数据大数据大数据大数据大数据大数据大数据大数据大数据大数据大数据大数据大数据大数据大数据大数据大数据大数据大数据大数据大数据大数据大数据大数据大数据大数据大数据大数据大数据大数据大数据大数据大数据大数据大数据大数据大数据大数据大数据大数据大数据大数据大数据大数据大数据大数据大数据大数据大数据大数据大数据大数据大数据大数据大数据大数据大数据大数据大数据大数据大数据大数据大数据大数据大数据大数据大数据大数据大数据大数据大数据大数据大数据大数据大数据大数据大数据大数据大数据大数据大数据大数据大数据大数据大数据大数据大数据大数据大数据大数据大数据大数据大数据大数据大数据大数据大数据大数据大数据大数据大数据大数据大数据大数据大数据大数据大数据大数据大数据大数据大数据大数据大数据大数据大数据大数据大数据大数据大数据大数据大数据大数据大数据大数据大数据大数据大数据大数据大数据大数据大数据大数据大数据大数据大数据大数据大数据大数据大数据大数据大数据大数据大数据大数据大数据大数据大数据大数据大数据大数据大数据大数据大数据大数据大数据大数据大数据大数据大数据大数据大数据大数据大数据大数据大数据大数据大数据大数据大数据大数据大数据大数据大数据大数据大数据大数据大数据大数据大数据大数据大数据大数据大数据大数据大数据大数据大数据大数据大数据大数据大数据大数据大数据大数据大数据大数据大数据大数据大数据大数据大数据大数据大数据大数据大数据大数据大数据大数据大数据大数据大数据大数据大数据大数据大数据大数据大数据大数据大数据大数据大数据大数据大数据大数据大数据大数据大数据大数据大数据大数据大数据大数据大数据大数据大数据大数据大数据大数据大数据大数据大数据大数据大数据大数据大数据大数据大数据大数据大数据大数据大数据大数据大数据大数据大数据大数据大数据大数据大数据大数据大数据大数据大数据大数据大数据大数据大数据大数据大数据大数据大数据大数据大数据大数据大数据大数据大数据大数据大数据大数据大数据大数据大数据大数据大数据大数据大数据大数据大数据大数据大数据大数据大数据大数据大数据大数据大数据大数据大数据大数据大数据大数据大数据大数据大数据大数据大数据大数据大数据大数据大数据大数据大数据大数据大数据大数据大数据大数据大数据大数据大数据大数据大数据大数据大数据大数据大数据大数据大数据大数据大数据大数据大数据大数据大数据大数据大数据大数据大数据大数据大数据大数据大数据大数据大数据大数据大数据大数据大数据大数据大数据大数据大数据大数据大数据大数据大数据大数据大数据大数据大数据大数据大数据大数据大数据大数据大数据大数据大数据大数据大数据大数据大数据大数据大数据大数据大数据大数据大数据大数据大数据大数据大数据大数据大数据大数据大数据大数据大数据大数据大数据大数据大数据大数据大数据大数据大数据大数据大数据大数据大数据大数据大数据大数据大数据大数据大数据大数据大数据大数据大数据大数据大数据大数据大数据大数据大数据大数据大数据大数据大数据大数据大数据大数据大数据大数据大数据大数据大数据大数据大数据大数据大数据大数据大数据大数据大数据大数据大数据大数据大数据大数据大数据大数据大数据大数据大数据大数据大数据大数据大数据大数据大数据大数据大数据大数据大数据大数据大数据大数据大数据大数据大数据大数据大数据大数据大数据大数据大数据大数据大数据大数据大数据大数据大数据大数据大数据大数据大数据大数据大数据大数据大数据大数据大数据大数据大数据大数据大数据大数据大数据大数据大数据大数据大数据大数据大数据大数据大数据大数据大数据大数据大数据大数据大数据大数据大数据大数据大数据大数据大数据大数据大数据大数据大数据大数据大数据大数据大数据大数据大数据大数据大数据大数据大数据大数据大数据大数据大数据大数据大数据大数据大数据大数据大数据大数据大数据大数据大数据大数据大数据大数据大数据大数据大数据大数据大数据大数据大数据大数据大数据大数据大数据大数据大数据大数据大数据大数据大数据大数据大数据大数据大数据大数据大数据大数据大数据大数据大数据大数据大数据大数据大数据大数据大数据大数据大数据大数据大数据大数据大数据大数据大数据大数据大数据大数据大数据大数据大数据大数据大数据大数据大数据大数据大数据大数据大数据大数据大数据大数据大数据大数据大数据大数据大数据大数据大数据大数据大数据大数据大数据大数据大数据大数据大数据大数据大数据大数据大数据大数据大数据大数据大数据大数据大数据大数据大数据大数据大数据大数据大数据大数据大数据大数据大数据大数据大数据大数据大数据大数据大数据大数据大数据大数据大数据大数据大数据大数据大数据大数据大数据大数据大数据大数据大数据大数据大数据大数据大数据大数据大数据大数据大数据大数据大数据大数据大数据大数据大数据大数据大数据大数据大数据大数据大数据大数据大数据大数据','大数据大数据大数据大数据大数据大数据大数据大数据大数据大数据大数据大数据大数据大数据大数据大数据大数据大数据大数据大数据大数据大数据大数据大数据大数据大数据大数据大数据大数据大数据大数据大数据大数据大数据大数据大数据大数据大数据大数据大数据大数据大数据',70),(174,'嘎；of高疯狂蓝色的家烦死了简单跟；拉萨多久跟；啊圣诞节干哈是的离开噶啥发。塑料袋发；拉萨多久；拉萨多久老树开花了卡上的划分离开是大海法律上大号发了卡时间覆盖；老师到付款跟；受打击；撒大家分；&nbsp;数据发生的发生的的水电费','是个符号上大号但是风格的方式 ',68);
/*!40000 ALTER TABLE `o_document_ketang` ENABLE KEYS */;
UNLOCK TABLES;

--
-- Table structure for table `o_file`
--

DROP TABLE IF EXISTS `o_file`;
/*!40101 SET @saved_cs_client     = @@character_set_client */;
/*!40101 SET character_set_client = utf8 */;
CREATE TABLE `o_file` (
  `id` int(10) unsigned NOT NULL AUTO_INCREMENT COMMENT '文件ID',
  `name` char(30) NOT NULL DEFAULT '' COMMENT '原始文件名',
  `savename` char(20) NOT NULL DEFAULT '' COMMENT '保存名称',
  `savepath` char(30) NOT NULL DEFAULT '' COMMENT '文件保存路径',
  `ext` char(5) NOT NULL DEFAULT '' COMMENT '文件后缀',
  `mime` char(40) NOT NULL DEFAULT '' COMMENT '文件mime类型',
  `size` int(10) unsigned NOT NULL DEFAULT '0' COMMENT '文件大小',
  `md5` char(32) NOT NULL DEFAULT '' COMMENT '文件md5',
  `sha1` char(40) NOT NULL DEFAULT '' COMMENT '文件 sha1编码',
  `location` tinyint(3) unsigned NOT NULL DEFAULT '0' COMMENT '文件保存位置',
  `create_time` int(10) unsigned NOT NULL COMMENT '上传时间',
  PRIMARY KEY (`id`),
  UNIQUE KEY `uk_md5` (`md5`)
) ENGINE=MyISAM DEFAULT CHARSET=utf8 COMMENT='文件表';
/*!40101 SET character_set_client = @saved_cs_client */;

--
-- Dumping data for table `o_file`
--

LOCK TABLES `o_file` WRITE;
/*!40000 ALTER TABLE `o_file` DISABLE KEYS */;
/*!40000 ALTER TABLE `o_file` ENABLE KEYS */;
UNLOCK TABLES;

--
-- Table structure for table `o_hooks`
--

DROP TABLE IF EXISTS `o_hooks`;
/*!40101 SET @saved_cs_client     = @@character_set_client */;
/*!40101 SET character_set_client = utf8 */;
CREATE TABLE `o_hooks` (
  `id` int(10) unsigned NOT NULL AUTO_INCREMENT COMMENT '主键',
  `name` varchar(40) NOT NULL DEFAULT '' COMMENT '钩子名称',
  `description` text NOT NULL COMMENT '描述',
  `type` tinyint(1) unsigned NOT NULL DEFAULT '1' COMMENT '类型',
  `update_time` int(10) unsigned NOT NULL DEFAULT '0' COMMENT '更新时间',
  `addons` varchar(255) NOT NULL DEFAULT '' COMMENT '钩子挂载的插件 ''，''分割',
  PRIMARY KEY (`id`),
  UNIQUE KEY `name` (`name`)
) ENGINE=MyISAM AUTO_INCREMENT=17 DEFAULT CHARSET=utf8;
/*!40101 SET character_set_client = @saved_cs_client */;

--
-- Dumping data for table `o_hooks`
--

LOCK TABLES `o_hooks` WRITE;
/*!40000 ALTER TABLE `o_hooks` DISABLE KEYS */;
INSERT INTO `o_hooks` VALUES (1,'pageHeader','页面header钩子，一般用于加载插件CSS文件和代码',1,0,''),(2,'pageFooter','页面footer钩子，一般用于加载插件JS文件和JS代码',1,0,'ReturnTop'),(3,'documentEditForm','添加编辑表单的 扩展内容钩子',1,0,'Attachment'),(4,'documentDetailAfter','文档末尾显示',1,0,'Attachment,SocialComment'),(5,'documentDetailBefore','页面内容前显示用钩子',1,0,''),(6,'documentSaveComplete','保存文档数据后的扩展钩子',2,0,'Attachment'),(7,'documentEditFormContent','添加编辑表单的内容显示钩子',1,0,'Editor'),(8,'adminArticleEdit','后台内容编辑页编辑器',1,1378982734,'EditorForAdmin'),(13,'AdminIndex','首页小格子个性化显示',1,1382596073,'SiteStat,SystemInfo,DevTeam'),(14,'topicComment','评论提交方式扩展钩子。',1,1380163518,'Editor'),(16,'app_begin','应用开始',2,1384481614,'');
/*!40000 ALTER TABLE `o_hooks` ENABLE KEYS */;
UNLOCK TABLES;

--
-- Table structure for table `o_member`
--

DROP TABLE IF EXISTS `o_member`;
/*!40101 SET @saved_cs_client     = @@character_set_client */;
/*!40101 SET character_set_client = utf8 */;
CREATE TABLE `o_member` (
  `uid` int(10) unsigned NOT NULL AUTO_INCREMENT COMMENT '用户ID',
  `nickname` char(16) NOT NULL DEFAULT '' COMMENT '昵称',
  `sex` tinyint(3) unsigned NOT NULL DEFAULT '0' COMMENT '性别',
  `birthday` date NOT NULL DEFAULT '0000-00-00' COMMENT '生日',
  `qq` char(10) NOT NULL DEFAULT '' COMMENT 'qq号',
  `score` mediumint(8) NOT NULL DEFAULT '0' COMMENT '用户积分',
  `login` int(10) unsigned NOT NULL DEFAULT '0' COMMENT '登录次数',
  `reg_ip` bigint(20) NOT NULL DEFAULT '0' COMMENT '注册IP',
  `reg_time` int(10) unsigned NOT NULL DEFAULT '0' COMMENT '注册时间',
  `last_login_ip` bigint(20) NOT NULL DEFAULT '0' COMMENT '最后登录IP',
  `last_login_time` int(10) unsigned NOT NULL DEFAULT '0' COMMENT '最后登录时间',
  `status` tinyint(4) NOT NULL DEFAULT '0' COMMENT '会员状态',
  PRIMARY KEY (`uid`),
  KEY `status` (`status`)
) ENGINE=MyISAM AUTO_INCREMENT=3 DEFAULT CHARSET=utf8 COMMENT='会员表';
/*!40101 SET character_set_client = @saved_cs_client */;

--
-- Dumping data for table `o_member`
--

LOCK TABLES `o_member` WRITE;
/*!40000 ALTER TABLE `o_member` DISABLE KEYS */;
INSERT INTO `o_member` VALUES (1,'admin',0,'0000-00-00','',210,82,0,1500886090,3733004560,1506677268,1),(2,'test',0,'0000-00-00','',10,2,0,0,2071386228,1505961889,1);
/*!40000 ALTER TABLE `o_member` ENABLE KEYS */;
UNLOCK TABLES;

--
-- Table structure for table `o_menu`
--

DROP TABLE IF EXISTS `o_menu`;
/*!40101 SET @saved_cs_client     = @@character_set_client */;
/*!40101 SET character_set_client = utf8 */;
CREATE TABLE `o_menu` (
  `id` int(10) unsigned NOT NULL AUTO_INCREMENT COMMENT '文档ID',
  `title` varchar(50) NOT NULL DEFAULT '' COMMENT '标题',
  `pid` int(10) unsigned NOT NULL DEFAULT '0' COMMENT '上级分类ID',
  `sort` int(10) unsigned NOT NULL DEFAULT '0' COMMENT '排序（同级有效）',
  `url` char(255) NOT NULL DEFAULT '' COMMENT '链接地址',
  `hide` tinyint(1) unsigned NOT NULL DEFAULT '0' COMMENT '是否隐藏',
  `tip` varchar(255) NOT NULL DEFAULT '' COMMENT '提示',
  `group` varchar(50) DEFAULT '' COMMENT '分组',
  `is_dev` tinyint(1) unsigned NOT NULL DEFAULT '0' COMMENT '是否仅开发者模式可见',
  PRIMARY KEY (`id`),
  KEY `pid` (`pid`)
) ENGINE=MyISAM AUTO_INCREMENT=122 DEFAULT CHARSET=utf8;
/*!40101 SET character_set_client = @saved_cs_client */;

--
-- Dumping data for table `o_menu`
--

LOCK TABLES `o_menu` WRITE;
/*!40000 ALTER TABLE `o_menu` DISABLE KEYS */;
INSERT INTO `o_menu` VALUES (1,'首页',0,1,'Index/index',0,'','',0),(2,'内容',0,2,'Article/mydocument',0,'','',0),(3,'文档列表',2,0,'article/index',1,'','内容',0),(4,'新增',3,0,'article/add',0,'','',0),(5,'编辑',3,0,'article/edit',0,'','',0),(6,'改变状态',3,0,'article/setStatus',0,'','',0),(7,'保存',3,0,'article/update',0,'','',0),(8,'保存草稿',3,0,'article/autoSave',0,'','',0),(9,'移动',3,0,'article/move',0,'','',0),(10,'复制',3,0,'article/copy',0,'','',0),(11,'粘贴',3,0,'article/paste',0,'','',0),(12,'导入',3,0,'article/batchOperate',0,'','',0),(13,'回收站',2,0,'article/recycle',1,'','内容',0),(14,'还原',13,0,'article/permit',0,'','',0),(15,'清空',13,0,'article/clear',0,'','',0),(16,'用户',0,3,'User/index',0,'','',0),(17,'用户信息',16,0,'User/index',0,'','用户管理',0),(18,'新增用户',17,0,'User/add',0,'添加新用户','',0),(19,'用户行为',16,0,'User/action',0,'','行为管理',0),(20,'新增用户行为',19,0,'User/addaction',0,'','',0),(21,'编辑用户行为',19,0,'User/editaction',0,'','',0),(22,'保存用户行为',19,0,'User/saveAction',0,'\"用户->用户行为\"保存编辑和新增的用户行为','',0),(23,'变更行为状态',19,0,'User/setStatus',0,'\"用户->用户行为\"中的启用,禁用和删除权限','',0),(24,'禁用会员',19,0,'User/changeStatus?method=forbidUser',0,'\"用户->用户信息\"中的禁用','',0),(25,'启用会员',19,0,'User/changeStatus?method=resumeUser',0,'\"用户->用户信息\"中的启用','',0),(26,'删除会员',19,0,'User/changeStatus?method=deleteUser',0,'\"用户->用户信息\"中的删除','',0),(27,'权限管理',16,0,'AuthManager/index',0,'','用户管理',0),(28,'删除',27,0,'AuthManager/changeStatus?method=deleteGroup',0,'删除用户组','',0),(29,'禁用',27,0,'AuthManager/changeStatus?method=forbidGroup',0,'禁用用户组','',0),(30,'恢复',27,0,'AuthManager/changeStatus?method=resumeGroup',0,'恢复已禁用的用户组','',0),(31,'新增',27,0,'AuthManager/createGroup',0,'创建新的用户组','',0),(32,'编辑',27,0,'AuthManager/editGroup',0,'编辑用户组名称和描述','',0),(33,'保存用户组',27,0,'AuthManager/writeGroup',0,'新增和编辑用户组的\"保存\"按钮','',0),(34,'授权',27,0,'AuthManager/group',0,'\"后台 \\ 用户 \\ 用户信息\"列表页的\"授权\"操作按钮,用于设置用户所属用户组','',0),(35,'访问授权',27,0,'AuthManager/access',0,'\"后台 \\ 用户 \\ 权限管理\"列表页的\"访问授权\"操作按钮','',0),(36,'成员授权',27,0,'AuthManager/user',0,'\"后台 \\ 用户 \\ 权限管理\"列表页的\"成员授权\"操作按钮','',0),(37,'解除授权',27,0,'AuthManager/removeFromGroup',0,'\"成员授权\"列表页内的解除授权操作按钮','',0),(38,'保存成员授权',27,0,'AuthManager/addToGroup',0,'\"用户信息\"列表页\"授权\"时的\"保存\"按钮和\"成员授权\"里右上角的\"添加\"按钮)','',0),(39,'分类授权',27,0,'AuthManager/category',0,'\"后台 \\ 用户 \\ 权限管理\"列表页的\"分类授权\"操作按钮','',0),(40,'保存分类授权',27,0,'AuthManager/addToCategory',0,'\"分类授权\"页面的\"保存\"按钮','',0),(41,'模型授权',27,0,'AuthManager/modelauth',0,'\"后台 \\ 用户 \\ 权限管理\"列表页的\"模型授权\"操作按钮','',0),(42,'保存模型授权',27,0,'AuthManager/addToModel',0,'\"分类授权\"页面的\"保存\"按钮','',0),(43,'扩展',0,7,'Addons/index',1,'','',0),(44,'插件管理',43,1,'Addons/index',0,'','扩展',0),(45,'创建',44,0,'Addons/create',0,'服务器上创建插件结构向导','',0),(46,'检测创建',44,0,'Addons/checkForm',0,'检测插件是否可以创建','',0),(47,'预览',44,0,'Addons/preview',0,'预览插件定义类文件','',0),(48,'快速生成插件',44,0,'Addons/build',0,'开始生成插件结构','',0),(49,'设置',44,0,'Addons/config',0,'设置插件配置','',0),(50,'禁用',44,0,'Addons/disable',0,'禁用插件','',0),(51,'启用',44,0,'Addons/enable',0,'启用插件','',0),(52,'安装',44,0,'Addons/install',0,'安装插件','',0),(53,'卸载',44,0,'Addons/uninstall',0,'卸载插件','',0),(54,'更新配置',44,0,'Addons/saveconfig',0,'更新插件配置处理','',0),(55,'插件后台列表',44,0,'Addons/adminList',0,'','',0),(56,'URL方式访问插件',44,0,'Addons/execute',0,'控制是否有权限通过url访问插件控制器方法','',0),(57,'钩子管理',43,2,'Addons/hooks',0,'','扩展',0),(58,'模型管理',68,3,'Model/index',0,'','系统设置',0),(59,'新增',58,0,'model/add',0,'','',0),(60,'编辑',58,0,'model/edit',0,'','',0),(61,'改变状态',58,0,'model/setStatus',0,'','',0),(62,'保存数据',58,0,'model/update',0,'','',0),(63,'属性管理',68,0,'Attribute/index',1,'网站属性配置。','',0),(64,'新增',63,0,'Attribute/add',0,'','',0),(65,'编辑',63,0,'Attribute/edit',0,'','',0),(66,'改变状态',63,0,'Attribute/setStatus',0,'','',0),(67,'保存数据',63,0,'Attribute/update',0,'','',0),(68,'系统',0,4,'Config/group',0,'','',0),(69,'网站设置',68,1,'Config/group',0,'','系统设置',0),(70,'配置管理',68,4,'Config/index',0,'','系统设置',0),(71,'编辑',70,0,'Config/edit',0,'新增编辑和保存配置','',0),(72,'删除',70,0,'Config/del',0,'删除配置','',0),(73,'新增',70,0,'Config/add',0,'新增配置','',0),(74,'保存',70,0,'Config/save',0,'保存配置','',0),(75,'菜单管理',68,5,'Menu/index',0,'','系统设置',0),(76,'导航管理',68,6,'Channel/index',0,'','系统设置',0),(77,'新增',76,0,'Channel/add',0,'','',0),(78,'编辑',76,0,'Channel/edit',0,'','',0),(79,'删除',76,0,'Channel/del',0,'','',0),(80,'分类管理',68,2,'Category/index',0,'','系统设置',0),(81,'编辑',80,0,'Category/edit',0,'编辑和保存栏目分类','',0),(82,'新增',80,0,'Category/add',0,'新增栏目分类','',0),(83,'删除',80,0,'Category/remove',0,'删除栏目分类','',0),(84,'移动',80,0,'Category/operate/type/move',0,'移动栏目分类','',0),(85,'合并',80,0,'Category/operate/type/merge',0,'合并栏目分类','',0),(86,'备份数据库',68,0,'Database/index?type=export',0,'','数据备份',0),(87,'备份',86,0,'Database/export',0,'备份数据库','',0),(88,'优化表',86,0,'Database/optimize',0,'优化数据表','',0),(89,'修复表',86,0,'Database/repair',0,'修复数据表','',0),(90,'还原数据库',68,0,'Database/index?type=import',0,'','数据备份',0),(91,'恢复',90,0,'Database/import',0,'数据库恢复','',0),(92,'删除',90,0,'Database/del',0,'删除备份文件','',0),(93,'其他',0,5,'other',1,'','',0),(96,'新增',75,0,'Menu/add',0,'','系统设置',0),(98,'编辑',75,0,'Menu/edit',0,'','',0),(104,'下载管理',102,0,'Think/lists?model=download',0,'','',0),(105,'配置管理',102,0,'Think/lists?model=config',0,'','',0),(106,'行为日志',16,0,'Action/actionlog',0,'','行为管理',0),(108,'修改密码',16,0,'User/updatePassword',1,'','',0),(109,'修改昵称',16,0,'User/updateNickname',1,'','',0),(110,'查看行为日志',106,0,'action/edit',1,'','',0),(112,'新增数据',58,0,'think/add',1,'','',0),(113,'编辑数据',58,0,'think/edit',1,'','',0),(114,'导入',75,0,'Menu/import',0,'','',0),(115,'生成',58,0,'Model/generate',0,'','',0),(116,'新增钩子',57,0,'Addons/addHook',0,'','',0),(117,'编辑钩子',57,0,'Addons/edithook',0,'','',0),(118,'文档排序',3,0,'Article/sort',1,'','',0),(119,'排序',70,0,'Config/sort',1,'','',0),(120,'排序',75,0,'Menu/sort',1,'','',0),(121,'排序',76,0,'Channel/sort',1,'','',0);
/*!40000 ALTER TABLE `o_menu` ENABLE KEYS */;
UNLOCK TABLES;

--
-- Table structure for table `o_model`
--

DROP TABLE IF EXISTS `o_model`;
/*!40101 SET @saved_cs_client     = @@character_set_client */;
/*!40101 SET character_set_client = utf8 */;
CREATE TABLE `o_model` (
  `id` int(10) unsigned NOT NULL AUTO_INCREMENT COMMENT '模型ID',
  `name` char(30) NOT NULL DEFAULT '' COMMENT '模型标识',
  `title` char(30) NOT NULL DEFAULT '' COMMENT '模型名称',
  `extend` int(10) unsigned NOT NULL DEFAULT '0' COMMENT '继承的模型',
  `relation` varchar(30) NOT NULL DEFAULT '' COMMENT '继承与被继承模型的关联字段',
  `need_pk` tinyint(1) unsigned NOT NULL DEFAULT '1' COMMENT '新建表时是否需要主键字段',
  `field_sort` text NOT NULL COMMENT '表单字段排序',
  `field_group` varchar(255) NOT NULL DEFAULT '1:基础' COMMENT '字段分组',
  `attribute_list` text NOT NULL COMMENT '属性列表（表的字段）',
  `template_list` varchar(100) NOT NULL DEFAULT '' COMMENT '列表模板',
  `template_add` varchar(100) NOT NULL DEFAULT '' COMMENT '新增模板',
  `template_edit` varchar(100) NOT NULL DEFAULT '' COMMENT '编辑模板',
  `list_grid` text NOT NULL COMMENT '列表定义',
  `list_row` smallint(2) unsigned NOT NULL DEFAULT '10' COMMENT '列表数据长度',
  `search_key` varchar(50) NOT NULL DEFAULT '' COMMENT '默认搜索字段',
  `search_list` varchar(255) NOT NULL DEFAULT '' COMMENT '高级搜索的字段',
  `create_time` int(10) unsigned NOT NULL DEFAULT '0' COMMENT '创建时间',
  `update_time` int(10) unsigned NOT NULL DEFAULT '0' COMMENT '更新时间',
  `status` tinyint(3) unsigned NOT NULL DEFAULT '0' COMMENT '状态',
  `engine_type` varchar(25) NOT NULL DEFAULT 'MyISAM' COMMENT '数据库引擎',
  PRIMARY KEY (`id`)
) ENGINE=MyISAM AUTO_INCREMENT=6 DEFAULT CHARSET=utf8 COMMENT='文档模型表';
/*!40101 SET character_set_client = @saved_cs_client */;

--
-- Dumping data for table `o_model`
--

LOCK TABLES `o_model` WRITE;
/*!40000 ALTER TABLE `o_model` DISABLE KEYS */;
INSERT INTO `o_model` VALUES (1,'document','基础文档',0,'',1,'{\"1\":[\"1\",\"2\",\"3\",\"4\",\"5\",\"6\",\"7\",\"8\",\"9\",\"10\",\"11\",\"12\",\"13\",\"14\",\"15\",\"16\",\"17\",\"18\",\"19\",\"20\",\"21\",\"22\"]}','1:基础','','','','','id:编号\r\ntitle:标题:article/index?cate_id=[category_id]&pid=[id]\r\ntype|get_document_type:类型\r\nlevel:优先级\r\nupdate_time|time_format:最后更新\r\nstatus_text:状态\r\nview:浏览\r\nid:操作:[EDIT]&cate_id=[category_id]|编辑,article/setstatus?status=-1&ids=[id]|删除',0,'','',1383891233,1384507827,1,'MyISAM'),(2,'article','文章',1,'',1,'{\"1\":[\"3\",\"47\",\"19\",\"12\",\"42\",\"5\",\"24\",\"43\",\"44\",\"2\",\"36\"],\"2\":[\"9\",\"13\",\"10\",\"16\",\"26\",\"20\",\"14\",\"11\",\"25\"]}','1:基础,2:扩展','','','','','id:编号\r\ntitle:标题:article/edit?cate_id=[category_id]&id=[id]\r\ncontent:内容',0,'','',1383891243,1505267075,1,'MyISAM'),(3,'download','下载',1,'',1,'{\"1\":[\"3\",\"28\",\"30\",\"32\",\"2\",\"5\",\"31\"],\"2\":[\"13\",\"10\",\"27\",\"9\",\"12\",\"16\",\"17\",\"19\",\"11\",\"20\",\"14\",\"29\"]}','1:基础,2:扩展','','','','','id:编号\r\ntitle:标题',0,'','',1383891252,1387260449,1,'MyISAM'),(4,'banner','banner',1,'',1,'','1:基础','','','','','',10,'','',1500886209,1500886209,1,'MyISAM'),(5,'ketang','课堂',1,'',1,'{\"1\":[\"3\",\"37\",\"12\",\"45\",\"5\",\"41\",\"40\",\"43\",\"20\",\"19\"],\"2\":[\"11\",\"2\",\"9\",\"10\",\"16\",\"13\",\"14\",\"17\",\"36\",\"44\"]}','1:基础;2:扩展','','','','','id:编号\r\nlevel:排序ID\r\ntitle:标题:[EDIT]',10,'','',1500974581,1501120635,1,'MyISAM');
/*!40000 ALTER TABLE `o_model` ENABLE KEYS */;
UNLOCK TABLES;

--
-- Table structure for table `o_picture`
--

DROP TABLE IF EXISTS `o_picture`;
/*!40101 SET @saved_cs_client     = @@character_set_client */;
/*!40101 SET character_set_client = utf8 */;
CREATE TABLE `o_picture` (
  `id` int(10) unsigned NOT NULL AUTO_INCREMENT COMMENT '主键id自增',
  `path` varchar(255) NOT NULL DEFAULT '' COMMENT '路径',
  `url` varchar(255) NOT NULL DEFAULT '' COMMENT '图片链接',
  `md5` char(32) NOT NULL DEFAULT '' COMMENT '文件md5',
  `sha1` char(40) NOT NULL DEFAULT '' COMMENT '文件 sha1编码',
  `status` tinyint(2) NOT NULL DEFAULT '0' COMMENT '状态',
  `create_time` int(10) unsigned NOT NULL DEFAULT '0' COMMENT '创建时间',
  PRIMARY KEY (`id`)
) ENGINE=MyISAM AUTO_INCREMENT=73 DEFAULT CHARSET=utf8;
/*!40101 SET character_set_client = @saved_cs_client */;

--
-- Dumping data for table `o_picture`
--

LOCK TABLES `o_picture` WRITE;
/*!40000 ALTER TABLE `o_picture` DISABLE KEYS */;
INSERT INTO `o_picture` VALUES (1,'/Uploads/Picture/2017-07-24/5975b725e2f8c.jpg','','d6b411c20d4f9a7575f4d95eefc8dd27','14dd0409373d6ca833aa0ed6a4c7a818654a8c76',1,1500886821),(2,'/Uploads/Picture/2017-07-25/5976bab5f372a.png','','e7ac80c3d7258b0cb796c3e1d79ce524','af79038aef2d40f57077766c901f60cff8e33b9b',1,1500953269),(3,'/Uploads/Picture/2017-07-25/5976c642e6185.jpg','','38ad85a5fc75b2d2c1a96d324917a11c','89dbca322d5775aaebab71bc2f3cd18beab845e8',1,1500956226),(4,'/Uploads/Picture/2017-07-26/597806fd58881.jpg','','468a2080bbb180776ba570a17b87654b','b7e64a8d92eaac70b31a957a6aee358abfac97e1',1,1501038333),(5,'/Uploads/Picture/2017-07-27/5979405017e7a.jpg','','71dcbcb3e16745ffdb478b065095e8b3','3b23c0d02b1364f11cc1eefae8a09bcdfb7bc04e',1,1501118543),(6,'/Uploads/Picture/2017-07-27/597940749c01c.jpg','','27d499446263d3cf42fd0f0890fbc16b','65af7b86821a1d6594516d5bd2316b74f7ebba8f',1,1501118580),(7,'/Uploads/Picture/2017-07-27/597945f63e571.jpg','','8f7baeea268db0ab58c8dc9b4c26af8a','4efe2b9300a5ad5492ddfce184c67e8ca3c72189',1,1501119990),(8,'/Uploads/Picture/2017-08-01/597fd37432a16.jpg','','b1d2dd14594d405a33f457dece00b017','33bde6279525689d3f18184c94f830f1d2e79a73',1,1501549428),(9,'/Uploads/Picture/2017-08-08/598920ed87dca.jpg','','c076cbd7ad91007eb8f15009549e939b','616ea21269d9c6f35fed5d712e39da88057ec0c9',1,1502159085),(10,'/Uploads/Picture/2017-08-08/598921035cfee.jpg','','a1e3fc5a14a84a5bda8665e2b16c01ca','bf0f5ac7b09c482a83a617ced915e2cf17a13eee',1,1502159107),(11,'/Uploads/Picture/2017-08-08/598921129f609.jpg','','9cf3c383b13710f078b9d5ed3d0cbed3','4b02dd25805e4f868a43a4db39e0468d56fb963b',1,1502159122),(12,'/Uploads/Picture/2017-08-08/598921201457e.jpg','','23340506897d3ee1ba1b4f7ddf4d6160','3aaba8385948873ce4e289841d4ae70bf9aec58d',1,1502159135),(13,'/Uploads/Picture/2017-08-08/598921313fd3b.jpg','','cf5937ff659fa041b2968584959b98e2','b3ccff4d63510c9ac3fcbb5c9aa139e8e1273fbf',1,1502159153),(14,'/Uploads/Picture/2017-08-08/598925e5087db.jpg','','b1c3bbea1d9f20554a9e630dbdad6504','95bcfb3a6bfb4b06d455fda3669ab052150bd203',1,1502160356),(15,'/Uploads/Picture/2017-08-08/598925f141ad0.jpg','','c5099d9e6b7daecb5a05e20d391ec3d0','7f56b54b33255d3af70f2781a687bea65e1873dc',1,1502160369),(16,'/Uploads/Picture/2017-08-08/598925fd51074.jpg','','1e9a402005b4dec339e4d3cf3c1f8869','a06442c5e090689eaae459fd4997e4ae7768c8a4',1,1502160381),(17,'/Uploads/Picture/2017-08-08/5989260bc26d7.jpg','','ce2c79ebb1319e023179df43a61d5cf1','9ad4ceb1232356a5f54bf83e982019eeb096698c',1,1502160395),(18,'/Uploads/Picture/2017-08-08/59892619cda0e.jpg','','0fe42d8e7081f74dc28806ecd86e73e1','fb12b7fbfd6c9622932af9afbc0bb36fe7f0164f',1,1502160409),(19,'/Uploads/Picture/2017-08-08/598926886aac9.jpg','','7220a07003017173551b4ffa0a21e36a','518510c551887a6e5caf473279811886f5334f46',1,1502160520),(20,'/Uploads/Picture/2017-08-08/5989269caee16.jpg','','d9b034c2caa3d9dcc9b78f768e614270','e1b8fea9b6db9b42bfa58c68c618e287caffb2de',1,1502160540),(21,'/Uploads/Picture/2017-08-10/598be01f20123.jpg','','3af342e4e4b887b7eddca78a05ae93a6','d9dce00b879f148b5e05bd28363eccc1745f4a53',1,1502339102),(22,'/Uploads/Picture/2017-08-10/598c0c9de5b51.jpg','','eab16b40eeecb284bce4f6c4b6ca4244','a20a0ca1ce9295b8efcdf3489caa4fa15e6997c3',1,1502350493),(23,'/Uploads/Picture/2017-08-10/598c0cb93e53b.jpg','','62e103897c3191e6a7ebc4dc33d2b558','ef4cac15113a73500f8db2e23550d4e56bb2663c',1,1502350521),(24,'/Uploads/Picture/2017-08-10/598c1d39b17c9.jpg','','9d0ffc945fcf1750a9e2c1b48418a3a5','cfcd3960cb7b5ff4dd95ecc35084cd5f424cfddc',1,1502354745),(25,'/Uploads/Picture/2017-08-10/598c1d4936a7a.jpg','','934d544ce847eb4e409476be91ff545c','0ab34beb255caad6e9e6aca4cbfc99bf595a4cea',1,1502354761),(26,'/Uploads/Picture/2017-08-10/598c201bd4bf6.jpg','','c0ffaa93767903ff85455ea73105872d','9062d26295c1e0b131391285a0a48757cc614b61',1,1502355483),(27,'/Uploads/Picture/2017-08-10/598c203a28109.jpg','','cf0f2976ab09ff61520931984c2ca172','971cbf756e5baddce3119ca44ce89de2e0e9a66d',1,1502355513),(28,'/Uploads/Picture/2017-08-15/5992ac2f28cb5.jpg','','34b0ff7028700617aeaa62a1af68bba4','6c08aeaf7bacd9822e8ab123a78cdfc437f94432',1,1502784558),(29,'/Uploads/Picture/2017-08-15/5992ac5710249.png','','457ae685d05c9bbcb82f08221a170216','9145dcf3db100b1dcf6fced8c8847c4bcb514d05',1,1502784598),(30,'/Uploads/Picture/2017-08-15/5992ac73e50ac.jpg','','461bec16086eb4e289c4d4bd61630e14','dd3d6581a7b8bd75ddcb44633b0ac9fa2f0fd259',1,1502784627),(31,'/Uploads/Picture/2017-08-15/5992ac94befa4.jpg','','863863e28342adadbbcba714be81903b','c6db7a7546b5688e2bb61b6f840af55cf6a4859b',1,1502784660),(32,'/Uploads/Picture/2017-08-15/5992acb393373.jpg','','009f7a3bb5c4bb765a32a52611af36ad','e099a2442580e600cb9c32da1fb186831f4b0681',1,1502784691),(33,'/Uploads/Picture/2017-08-15/5992ad0f23cbf.jpg','','80f0f1522a4b4a449128e7256a53f8fb','6dbc80983bcde2ec3e9e82cf46c8f53e5eae22b2',1,1502784783),(34,'/Uploads/Picture/2017-08-15/5992ad25819d8.jpg','','2706825226fe41bc2b1287d56264c050','9f3bc8aaa597c811ad4afd79908a1a71eca514f4',1,1502784805),(35,'/Uploads/Picture/2017-08-15/5992ad4586529.jpg','','8da46595649a79f6fa9a84a56d60a58b','ff2b4b90c2858212df0f391cfae7f125b2d47628',1,1502784837),(36,'/Uploads/Picture/2017-08-15/5992ad5c722de.jpg','','24d847ec7bd4127ecc4ec9cace40d9e0','076c013b35e29f0894d8ebece83f83c08a00733c',1,1502784860),(37,'/Uploads/Picture/2017-08-15/5992ad7d85766.jpg','','fab8ce99550f6a42fdf71e179c23a229','d821e7571bb7d491d8b4abfeb0e484e65f5c3122',1,1502784893),(38,'/Uploads/Picture/2017-08-15/5992ad9e22718.jpg','','b1b96ae2f3f45388a2f8ccfbf0b4aca9','2841120579ea82385ad2e72843b317944b4c9849',1,1502784925),(39,'/Uploads/Picture/2017-08-15/5992adc05ea11.jpg','','2d4c214ab8f592b60956afb6422b9792','a53031697b8eb391cf4c0b4f6223d63393b9a46a',1,1502784960),(40,'/Uploads/Picture/2017-08-15/5992ae1edd95d.jpg','','85c0f2bfbc9a6a4090df067d895627da','c7953fbf1f8907acdd8dba8dac9bb7f2f9861ee4',1,1502785054),(41,'/Uploads/Picture/2017-08-15/5992ae42c76b6.jpg','','7f1b61b7dcd16273a58c2231bd4832ec','ced2bde3ffd8270b95af06190e36963707381192',1,1502785090),(42,'/Uploads/Picture/2017-08-15/5992ae5ae44f0.jpg','','36d24a36d4a214ab5495db8dc1a49b55','284808a479b0de258c9ab0510231a8596567339e',1,1502785114),(43,'/Uploads/Picture/2017-08-15/5992ae7497aa2.jpg','','3a1f555cc9b05a41d5500f3b4883184d','9803e9fdf06dd85a42487037229544d3d306a501',1,1502785140),(44,'/Uploads/Picture/2017-08-15/5992ae9293aae.jpg','','a02020bcd31ac903e81392eda6c1e1e2','edea4026a520267d89f1211b58dabfc65f021c20',1,1502785170),(45,'/Uploads/Picture/2017-08-15/5992aeacc8457.jpg','','ccbe11f219409352ee65cb99a97f61b9','ef44d1c11714f92177b638e6725a627bdf97f896',1,1502785196),(46,'/Uploads/Picture/2017-08-15/5992aed513486.jpg','','4a73e2fd938d1ef90f71d1fb083bbb01','8c07a7649e706d15a58b75831c2c30ca74e93b41',1,1502785236),(47,'/Uploads/Picture/2017-08-15/5992af03a49a1.jpg','','8d96868fb2a70e15ebef9d056c279d68','e8b68f9403ae36fd2999a2a7e7a04070e0856e45',1,1502785283),(48,'/Uploads/Picture/2017-08-15/5992b22b958f0.jpg','','693f1447df497bc1374334b6dc6a288d','b1616306b24e5da56ad0ffb26ac33d5ceda4a885',1,1502786091),(49,'/Uploads/Picture/2017-08-16/599413845267a.jpg','','645acbd518e3c7ea4c38c8cea9197ac1','1607f6260011f3e57cd5d1434f9765dc19ca6e90',1,1502876548),(50,'/Uploads/Picture/2017-08-16/5994138fa556c.jpg','','2fc22690a5bd8532b428478670f1a709','14bb470ffd8a1296f3c933c5693329bcb779b1e2',1,1502876559),(51,'/Uploads/Picture/2017-08-16/5994139b5da3b.jpg','','575c3bc0c80c4d08df8a0ce42bc80a69','b208f6a9dc26ea0e37d79209f22ca0ceb0fb2ef5',1,1502876571),(52,'/Uploads/Picture/2017-08-16/599413a88f50d.jpg','','82f7bd991df711ffee49f74029594228','0182d922fd27fd84db1eb6e2c4a5dc4778a5141f',1,1502876584),(53,'/Uploads/Picture/2017-08-16/599413b836937.jpg','','f3cae06f8803444c467fc2c06e48b89f','fe921a1634dc79e6157cfa84ab98f223eebb5192',1,1502876600),(54,'/Uploads/Picture/2017-08-17/59954e7c93682.jpg','','996cf069f00133dc9ce45b42d94bb4fe','be4e46f561eda30174c87b14ef2d81c8f71183b2',1,1502957180),(55,'/Uploads/Picture/2017-08-17/59954e8a91f31.jpg','','130f3abfb6ffbcc404a0b2822d5a2596','b3f0d0e59d900698d4b432c72f5a1f1058efb4e3',1,1502957194),(56,'/Uploads/Picture/2017-08-17/59954e9652180.jpg','','ef81910318add576dfc0e5ea034db6ac','1a9f22ccf4f8c4d4d3577369c6809394334537b2',1,1502957206),(57,'/Uploads/Picture/2017-08-17/59954ea2804fc.jpg','','c12a208b313c769c320151e28c1c7db8','13de5b6c1b584f9671d1ec3f6c30f035443f5a25',1,1502957218),(58,'/Uploads/Picture/2017-08-17/59954ead99547.jpg','','2a3d11b961c17c385bd4d477bb58ab8b','b8aff25515830b95b3d831b045491cab69ef5b03',1,1502957229),(59,'/Uploads/Picture/2017-08-17/5995514d68433.jpg','','2ceae196f18525c2787bfe53cc0718d6','63f7aeb8b54e691c2770ebf736e668cdcdfa897f',1,1502957901),(60,'/Uploads/Picture/2017-08-17/5995515f86630.jpg','','afce1ac85a6a6c19b4fcb0c378772622','dd43153b76773ca915195d0bac15930d633d0879',1,1502957919),(61,'/Uploads/Picture/2017-08-17/599552c54c747.jpg','','95ec40a81f2a0f786a91c3f25f6a76fc','a10e1c16b88144f5b24f398ed5ee38161d38f682',1,1502958277),(62,'/Uploads/Picture/2017-08-21/599a888de2624.png','','7c2c7f3e4037c03402a497e19da15869','90ea9ca40eb4b45a4cc28cfb72bae174286d15b0',1,1503299725),(63,'/Uploads/Picture/2017-08-23/599d3db77bb54.jpg','','8bd2ea5e03ef104d8436fe0ee10e6310','1a92f60ae607c1d293d5880cbe2c6a9a779f90f9',1,1503477175),(64,'/Uploads/Picture/2017-08-25/599f88797d59a.jpg','','cf3838eb1e9dbbd281125a0451455215','6b3df8d5c9b3aa4c0ee4ffb20d2ddac0847adacb',1,1503627384),(65,'/Uploads/Picture/2017-09-13/59b8a1c42057d.jpg','','69f9aec59d9af96dc4da97ebd45ef777','5c0bebbd2fce327fec212f3499b11fcd2444ff0c',1,1505272260),(66,'/Uploads/Picture/2017-09-20/59c21bb66358a.jpg','','7a0108c626aee169d8ff916da9656e75','b4744891d624693016d12295f6f968b3bbbd667f',1,1505893302),(67,'/Uploads/Picture/2017-09-20/59c22cbcc3875.jpg','','3ac4ddc7fa670a0f44e3876156a7cc89','7f2720674ab16df4ada64ffc55060e76f80e50bc',1,1505897660),(68,'/Uploads/Picture/2017-09-21/59c36c3a3e291.jpg','','e47d10a05959906c23c20e926526764e','6ebbfffe1694ba2fc5facfe20418ea0a5c47f188',1,1505979450),(69,'/Uploads/Picture/2017-09-21/59c36c3c53541.jpg','','35623d91b51f1cb5de2d27ad77821285','705b7b523db3dbf482bd384672362614e6f83c46',1,1505979452),(70,'/Uploads/Picture/2017-09-21/59c373382edf9.jpg','','23aa5ac08f7cb386ace2fcfefc21ea57','51f1c5bcf863606837952de07b476cded178f15a',1,1505981240),(71,'/Uploads/Picture/2017-09-21/59c3733ab0b07.jpg','','ec16c6db4aac3d08bdb004e7d233b1db','fedda366ab2a831809d0b8149d7b457b27ce59c2',1,1505981242),(72,'/Uploads/Picture/2017-09-21/59c379ac28a2c.jpg','','da13b4254d12fb928fa16a6ec76c5500','9e75c62cea10970c5cc29a9330abe8f81a6c8127',1,1505982892);
/*!40000 ALTER TABLE `o_picture` ENABLE KEYS */;
UNLOCK TABLES;

--
-- Table structure for table `o_ucenter_admin`
--

DROP TABLE IF EXISTS `o_ucenter_admin`;
/*!40101 SET @saved_cs_client     = @@character_set_client */;
/*!40101 SET character_set_client = utf8 */;
CREATE TABLE `o_ucenter_admin` (
  `id` int(10) unsigned NOT NULL AUTO_INCREMENT COMMENT '管理员ID',
  `member_id` int(10) unsigned NOT NULL DEFAULT '0' COMMENT '管理员用户ID',
  `status` tinyint(3) unsigned NOT NULL DEFAULT '0' COMMENT '管理员状态',
  PRIMARY KEY (`id`)
) ENGINE=MyISAM DEFAULT CHARSET=utf8 COMMENT='管理员表';
/*!40101 SET character_set_client = @saved_cs_client */;

--
-- Dumping data for table `o_ucenter_admin`
--

LOCK TABLES `o_ucenter_admin` WRITE;
/*!40000 ALTER TABLE `o_ucenter_admin` DISABLE KEYS */;
/*!40000 ALTER TABLE `o_ucenter_admin` ENABLE KEYS */;
UNLOCK TABLES;

--
-- Table structure for table `o_ucenter_app`
--

DROP TABLE IF EXISTS `o_ucenter_app`;
/*!40101 SET @saved_cs_client     = @@character_set_client */;
/*!40101 SET character_set_client = utf8 */;
CREATE TABLE `o_ucenter_app` (
  `id` int(10) unsigned NOT NULL AUTO_INCREMENT COMMENT '应用ID',
  `title` varchar(30) NOT NULL COMMENT '应用名称',
  `url` varchar(100) NOT NULL COMMENT '应用URL',
  `ip` char(15) NOT NULL COMMENT '应用IP',
  `auth_key` varchar(100) NOT NULL COMMENT '加密KEY',
  `sys_login` tinyint(1) unsigned NOT NULL DEFAULT '0' COMMENT '同步登陆',
  `allow_ip` varchar(255) NOT NULL COMMENT '允许访问的IP',
  `create_time` int(10) unsigned NOT NULL DEFAULT '0' COMMENT '创建时间',
  `update_time` int(10) unsigned NOT NULL DEFAULT '0' COMMENT '更新时间',
  `status` tinyint(4) NOT NULL DEFAULT '0' COMMENT '应用状态',
  PRIMARY KEY (`id`),
  KEY `status` (`status`)
) ENGINE=MyISAM DEFAULT CHARSET=utf8 COMMENT='应用表';
/*!40101 SET character_set_client = @saved_cs_client */;

--
-- Dumping data for table `o_ucenter_app`
--

LOCK TABLES `o_ucenter_app` WRITE;
/*!40000 ALTER TABLE `o_ucenter_app` DISABLE KEYS */;
/*!40000 ALTER TABLE `o_ucenter_app` ENABLE KEYS */;
UNLOCK TABLES;

--
-- Table structure for table `o_ucenter_member`
--

DROP TABLE IF EXISTS `o_ucenter_member`;
/*!40101 SET @saved_cs_client     = @@character_set_client */;
/*!40101 SET character_set_client = utf8 */;
CREATE TABLE `o_ucenter_member` (
  `id` int(10) unsigned NOT NULL AUTO_INCREMENT COMMENT '用户ID',
  `username` char(16) NOT NULL COMMENT '用户名',
  `password` char(32) NOT NULL COMMENT '密码',
  `email` char(32) NOT NULL COMMENT '用户邮箱',
  `mobile` char(15) NOT NULL COMMENT '用户手机',
  `reg_time` int(10) unsigned NOT NULL DEFAULT '0' COMMENT '注册时间',
  `reg_ip` bigint(20) NOT NULL DEFAULT '0' COMMENT '注册IP',
  `last_login_time` int(10) unsigned NOT NULL DEFAULT '0' COMMENT '最后登录时间',
  `last_login_ip` bigint(20) NOT NULL DEFAULT '0' COMMENT '最后登录IP',
  `update_time` int(10) unsigned NOT NULL DEFAULT '0' COMMENT '更新时间',
  `status` tinyint(4) DEFAULT '0' COMMENT '用户状态',
  PRIMARY KEY (`id`),
  UNIQUE KEY `username` (`username`),
  UNIQUE KEY `email` (`email`),
  KEY `status` (`status`)
) ENGINE=MyISAM AUTO_INCREMENT=3 DEFAULT CHARSET=utf8 COMMENT='用户表';
/*!40101 SET character_set_client = @saved_cs_client */;

--
-- Dumping data for table `o_ucenter_member`
--

LOCK TABLES `o_ucenter_member` WRITE;
/*!40000 ALTER TABLE `o_ucenter_member` DISABLE KEYS */;
INSERT INTO `o_ucenter_member` VALUES (1,'admin','9954d6cbcd0eb2807e7d14e6da8e5cda','858174095@qq.com','',1500886090,2130706433,1506677268,3733004560,1500886090,1),(2,'test','4f73f025fcdb61602317155f11cc8e5c','1111111111@qq.com','',1505961772,2071386228,1505961889,2071386228,1505961772,1);
/*!40000 ALTER TABLE `o_ucenter_member` ENABLE KEYS */;
UNLOCK TABLES;

--
-- Table structure for table `o_ucenter_setting`
--

DROP TABLE IF EXISTS `o_ucenter_setting`;
/*!40101 SET @saved_cs_client     = @@character_set_client */;
/*!40101 SET character_set_client = utf8 */;
CREATE TABLE `o_ucenter_setting` (
  `id` int(10) unsigned NOT NULL AUTO_INCREMENT COMMENT '设置ID',
  `type` tinyint(3) unsigned NOT NULL DEFAULT '0' COMMENT '配置类型（1-用户配置）',
  `value` text NOT NULL COMMENT '配置数据',
  PRIMARY KEY (`id`)
) ENGINE=MyISAM DEFAULT CHARSET=utf8 COMMENT='设置表';
/*!40101 SET character_set_client = @saved_cs_client */;

--
-- Dumping data for table `o_ucenter_setting`
--

LOCK TABLES `o_ucenter_setting` WRITE;
/*!40000 ALTER TABLE `o_ucenter_setting` DISABLE KEYS */;
/*!40000 ALTER TABLE `o_ucenter_setting` ENABLE KEYS */;
UNLOCK TABLES;

--
-- Table structure for table `o_url`
--

DROP TABLE IF EXISTS `o_url`;
/*!40101 SET @saved_cs_client     = @@character_set_client */;
/*!40101 SET character_set_client = utf8 */;
CREATE TABLE `o_url` (
  `id` int(11) unsigned NOT NULL AUTO_INCREMENT COMMENT '链接唯一标识',
  `url` char(255) NOT NULL DEFAULT '' COMMENT '链接地址',
  `short` char(100) NOT NULL DEFAULT '' COMMENT '短网址',
  `status` tinyint(2) NOT NULL DEFAULT '2' COMMENT '状态',
  `create_time` int(10) unsigned NOT NULL DEFAULT '0' COMMENT '创建时间',
  PRIMARY KEY (`id`),
  UNIQUE KEY `idx_url` (`url`)
) ENGINE=MyISAM AUTO_INCREMENT=2 DEFAULT CHARSET=utf8 COMMENT='链接表';
/*!40101 SET character_set_client = @saved_cs_client */;

--
-- Dumping data for table `o_url`
--

LOCK TABLES `o_url` WRITE;
/*!40000 ALTER TABLE `o_url` DISABLE KEYS */;
INSERT INTO `o_url` VALUES (1,'http://demo1.wz010.net/Article/detail/id/83/catid/68.html','',1,1505899475);
/*!40000 ALTER TABLE `o_url` ENABLE KEYS */;
UNLOCK TABLES;

--
-- Table structure for table `o_userdata`
--

DROP TABLE IF EXISTS `o_userdata`;
/*!40101 SET @saved_cs_client     = @@character_set_client */;
/*!40101 SET character_set_client = utf8 */;
CREATE TABLE `o_userdata` (
  `uid` int(10) unsigned NOT NULL COMMENT '用户id',
  `type` tinyint(3) unsigned NOT NULL COMMENT '类型标识',
  `target_id` int(10) unsigned NOT NULL COMMENT '目标id',
  UNIQUE KEY `uid` (`uid`,`type`,`target_id`)
) ENGINE=MyISAM DEFAULT CHARSET=utf8;
/*!40101 SET character_set_client = @saved_cs_client */;

--
-- Dumping data for table `o_userdata`
--

LOCK TABLES `o_userdata` WRITE;
/*!40000 ALTER TABLE `o_userdata` DISABLE KEYS */;
/*!40000 ALTER TABLE `o_userdata` ENABLE KEYS */;
UNLOCK TABLES;
/*!40103 SET TIME_ZONE=@OLD_TIME_ZONE */;

/*!40101 SET SQL_MODE=@OLD_SQL_MODE */;
/*!40014 SET FOREIGN_KEY_CHECKS=@OLD_FOREIGN_KEY_CHECKS */;
/*!40014 SET UNIQUE_CHECKS=@OLD_UNIQUE_CHECKS */;
/*!40101 SET CHARACTER_SET_CLIENT=@OLD_CHARACTER_SET_CLIENT */;
/*!40101 SET CHARACTER_SET_RESULTS=@OLD_CHARACTER_SET_RESULTS */;
/*!40101 SET COLLATION_CONNECTION=@OLD_COLLATION_CONNECTION */;
/*!40111 SET SQL_NOTES=@OLD_SQL_NOTES */;

-- Dump completed on 2017-10-26 14:48:41
